-- MySQL dump 10.13  Distrib 8.0.42, for Win64 (x86_64)
--
-- Host: localhost    Database: smartpyme_db
-- ------------------------------------------------------
-- Server version	8.0.42

/*!40101 SET @OLD_CHARACTER_SET_CLIENT=@@CHARACTER_SET_CLIENT */;
/*!40101 SET @OLD_CHARACTER_SET_RESULTS=@@CHARACTER_SET_RESULTS */;
/*!40101 SET @OLD_COLLATION_CONNECTION=@@COLLATION_CONNECTION */;
/*!50503 SET NAMES utf8mb4 */;
/*!40103 SET @OLD_TIME_ZONE=@@TIME_ZONE */;
/*!40103 SET TIME_ZONE='+00:00' */;
/*!40014 SET @OLD_UNIQUE_CHECKS=@@UNIQUE_CHECKS, UNIQUE_CHECKS=0 */;
/*!40014 SET @OLD_FOREIGN_KEY_CHECKS=@@FOREIGN_KEY_CHECKS, FOREIGN_KEY_CHECKS=0 */;
/*!40101 SET @OLD_SQL_MODE=@@SQL_MODE, SQL_MODE='NO_AUTO_VALUE_ON_ZERO' */;
/*!40111 SET @OLD_SQL_NOTES=@@SQL_NOTES, SQL_NOTES=0 */;

--
-- Table structure for table `auditoria`
--

DROP TABLE IF EXISTS `auditoria`;
/*!40101 SET @saved_cs_client     = @@character_set_client */;
/*!50503 SET character_set_client = utf8mb4 */;
CREATE TABLE `auditoria` (
  `id_auditoria` bigint NOT NULL AUTO_INCREMENT,
  `id_tenant` int NOT NULL,
  `id_usuario` int DEFAULT NULL,
  `accion` varchar(100) CHARACTER SET utf8mb4 COLLATE utf8mb4_unicode_ci NOT NULL,
  `modulo` varchar(50) CHARACTER SET utf8mb4 COLLATE utf8mb4_unicode_ci NOT NULL,
  `descripcion` text CHARACTER SET utf8mb4 COLLATE utf8mb4_unicode_ci,
  `tabla_afectada` varchar(100) CHARACTER SET utf8mb4 COLLATE utf8mb4_unicode_ci DEFAULT NULL,
  `id_registro` int DEFAULT NULL,
  `datos_anteriores` json DEFAULT NULL,
  `datos_nuevos` json DEFAULT NULL,
  `ip_address` varchar(45) CHARACTER SET utf8mb4 COLLATE utf8mb4_unicode_ci DEFAULT NULL,
  `user_agent` text CHARACTER SET utf8mb4 COLLATE utf8mb4_unicode_ci,
  `resultado` enum('exito','fallo') CHARACTER SET utf8mb4 COLLATE utf8mb4_unicode_ci DEFAULT 'exito',
  `mensaje_error` text CHARACTER SET utf8mb4 COLLATE utf8mb4_unicode_ci,
  `created_at` timestamp NULL DEFAULT CURRENT_TIMESTAMP,
  PRIMARY KEY (`id_auditoria`),
  KEY `idx_tenant` (`id_tenant`),
  KEY `idx_usuario` (`id_usuario`),
  KEY `idx_accion` (`accion`),
  KEY `idx_modulo` (`modulo`),
  KEY `idx_tabla` (`tabla_afectada`),
  KEY `idx_resultado` (`resultado`),
  KEY `idx_created_at` (`created_at` DESC),
  KEY `idx_tenant_fecha` (`id_tenant`,`created_at` DESC),
  CONSTRAINT `auditoria_ibfk_1` FOREIGN KEY (`id_tenant`) REFERENCES `tenants` (`id_tenant`) ON DELETE CASCADE,
  CONSTRAINT `auditoria_ibfk_2` FOREIGN KEY (`id_usuario`) REFERENCES `usuarios` (`id_usuario`) ON DELETE SET NULL
) ENGINE=InnoDB AUTO_INCREMENT=103 DEFAULT CHARSET=utf8mb4 COLLATE=utf8mb4_unicode_ci;
/*!40101 SET character_set_client = @saved_cs_client */;

--
-- Dumping data for table `auditoria`
--

LOCK TABLES `auditoria` WRITE;
/*!40000 ALTER TABLE `auditoria` DISABLE KEYS */;
INSERT INTO `auditoria` VALUES (11,18,76,'login','autenticacion','Login exitoso: admin@pasteleria-dulce-sabor.com',NULL,NULL,NULL,NULL,'127.0.0.1','Mozilla/5.0 (Windows NT 10.0; Win64; x64) AppleWebKit/537.36','exito',NULL,'2025-12-04 14:07:09'),(12,18,76,'producto_crear','productos','Producto \"Torta de Chocolate\" creado exitosamente',NULL,NULL,NULL,NULL,'127.0.0.1','Mozilla/5.0 (Windows NT 10.0; Win64; x64) AppleWebKit/537.36','exito',NULL,'2025-12-04 14:07:09'),(13,18,76,'producto_editar','productos','Producto \"Torta de Chocolate\" actualizado - precio $15000 ??? $16000',NULL,NULL,NULL,NULL,'127.0.0.1','Mozilla/5.0 (Windows NT 10.0; Win64; x64) AppleWebKit/537.36','exito',NULL,'2025-12-04 14:07:09'),(14,18,76,'pedido_crear','pedidos','Pedido #1001 creado por $25000',NULL,NULL,NULL,NULL,'192.168.1.100','Mozilla/5.0 (Windows NT 10.0; Win64; x64) AppleWebKit/537.36','exito',NULL,'2025-12-04 14:07:09'),(15,18,76,'pedido_cambiar_estado','pedidos','Estado del pedido #1001 cambiado de \"pendiente\" a \"en_preparacion\"',NULL,NULL,NULL,NULL,'192.168.1.100','Mozilla/5.0 (Windows NT 10.0; Win64; x64) AppleWebKit/537.36','exito',NULL,'2025-12-04 14:07:09'),(16,18,76,'producto_eliminar','productos','Intento de eliminar producto con pedidos asociados',NULL,NULL,NULL,NULL,'127.0.0.1','Mozilla/5.0 (Windows NT 10.0; Win64; x64) AppleWebKit/537.36','fallo','No se puede eliminar el producto porque tiene pedidos asociados','2025-12-04 14:07:09'),(17,18,76,'login','autenticacion','Intento de login fallido: usuario@invalido.com',NULL,NULL,NULL,NULL,'203.0.113.45','Mozilla/5.0 (Windows NT 10.0; Win64; x64) AppleWebKit/537.36','fallo','Credenciales inv??lidas','2025-12-04 14:07:09'),(18,18,76,'producto_activar','productos','Producto \"Galletas de Avena\" activado',NULL,NULL,NULL,NULL,'127.0.0.1','Mozilla/5.0 (Windows NT 10.0; Win64; x64) AppleWebKit/537.36','exito',NULL,'2025-12-04 14:07:09'),(19,18,76,'register','autenticacion','Nuevo cliente registrado: cliente@ejemplo.com',NULL,NULL,NULL,NULL,'198.51.100.23','Mozilla/5.0 (Windows NT 10.0; Win64; x64) AppleWebKit/537.36','exito',NULL,'2025-12-04 14:07:09'),(20,18,76,'pedido_cancelar','pedidos','Pedido #1002 cancelado por el cliente',NULL,NULL,NULL,NULL,'192.168.1.105','Mozilla/5.0 (Windows NT 10.0; Win64; x64) AppleWebKit/537.36','exito',NULL,'2025-12-04 14:07:09'),(21,18,76,'producto_eliminar','productos','Producto ID 193 eliminado',NULL,NULL,NULL,'{\"message\": \"Producto eliminado exitosamente\", \"success\": true}','127.0.0.1','Mozilla/5.0 (Windows NT 10.0; Win64; x64) AppleWebKit/537.36 (KHTML, like Gecko) Chrome/142.0.0.0 Safari/537.36','exito',NULL,'2025-12-04 14:40:43'),(22,18,76,'producto_crear','productos','Producto \"N/A\" creado exitosamente',NULL,NULL,NULL,'{\"id_producto\": 194}','127.0.0.1','Mozilla/5.0 (Windows NT 10.0; Win64; x64) AppleWebKit/537.36 (KHTML, like Gecko) Chrome/142.0.0.0 Safari/537.36','exito',NULL,'2025-12-04 14:41:18'),(23,18,76,'producto_crear','productos','Producto \"Pastel de Fresa\" creado exitosamente - Precio: $18.000',NULL,NULL,NULL,'{\"id_producto\": 195}','127.0.0.1','Mozilla/5.0 (Windows NT 10.0; Win64; x64) AppleWebKit/537.36 (KHTML, like Gecko) Chrome/142.0.0.0 Safari/537.36','exito',NULL,'2025-12-04 15:08:27'),(24,18,76,'producto_eliminar','productos','Producto ID 194 eliminado exitosamente',NULL,NULL,NULL,'{\"message\": \"Producto eliminado exitosamente\", \"success\": true}','127.0.0.1','Mozilla/5.0 (Windows NT 10.0; Win64; x64) AppleWebKit/537.36 (KHTML, like Gecko) Chrome/142.0.0.0 Safari/537.36','exito',NULL,'2025-12-04 15:08:46'),(25,18,76,'BACKUP_CREAR','sistema','Backup manual creado: N/A',NULL,NULL,NULL,'{\"error\": \"Access denied for user \'root\'@\'localhost\' (using password: NO)\", \"message\": \"Error creando backup\", \"success\": false}','127.0.0.1','Mozilla/5.0 (Windows NT 10.0; Win64; x64) AppleWebKit/537.36 (KHTML, like Gecko) Chrome/142.0.0.0 Safari/537.36','fallo','Error creando backup','2025-12-04 16:18:43'),(26,18,76,'BACKUP_CREAR','sistema','Backup manual creado: N/A',NULL,NULL,NULL,'{\"error\": \"Access denied for user \'root\'@\'localhost\' (using password: NO)\", \"message\": \"Error creando backup\", \"success\": false}','127.0.0.1','Mozilla/5.0 (Windows NT 10.0; Win64; x64) AppleWebKit/537.36 (KHTML, like Gecko) Chrome/142.0.0.0 Safari/537.36','fallo','Error creando backup','2025-12-04 17:24:39'),(27,18,76,'BACKUP_CREAR','sistema','Backup manual creado: N/A',NULL,NULL,NULL,'{\"error\": \"Access denied for user \'root\'@\'localhost\' (using password: NO)\", \"message\": \"Error creando backup\", \"success\": false}','127.0.0.1','Mozilla/5.0 (Windows NT 10.0; Win64; x64) AppleWebKit/537.36 (KHTML, like Gecko) Chrome/142.0.0.0 Safari/537.36','fallo','Error creando backup','2025-12-04 17:25:53'),(28,18,76,'BACKUP_CREAR','sistema','Backup manual creado: backup_smartpyme_db_2025-12-04T17-37-13.sql',NULL,NULL,NULL,'{\"size\": 133385, \"success\": true, \"filename\": \"backup_smartpyme_db_2025-12-04T17-37-13.sql\", \"filepath\": \"C:\\\\Users\\\\nicos\\\\OneDrive\\\\Documentos\\\\GitHub\\\\SmartPYME\\\\database\\\\backups\\\\backup_smartpyme_db_2025-12-04T17-37-13.sql\"}','127.0.0.1','Mozilla/5.0 (Windows NT 10.0; Win64; x64) AppleWebKit/537.36 (KHTML, like Gecko) Chrome/142.0.0.0 Safari/537.36','exito',NULL,'2025-12-04 17:37:14'),(29,18,76,'BACKUP_CREAR','sistema','Backup manual creado: backup_smartpyme_db_2025-12-04T17-48-50.sql',NULL,NULL,NULL,'{\"size\": 134161, \"success\": true, \"filename\": \"backup_smartpyme_db_2025-12-04T17-48-50.sql\", \"filepath\": \"C:\\\\Users\\\\nicos\\\\OneDrive\\\\Documentos\\\\GitHub\\\\SmartPYME\\\\database\\\\backups\\\\backup_smartpyme_db_2025-12-04T17-48-50.sql\"}','127.0.0.1','Mozilla/5.0 (Windows NT 10.0; Win64; x64) AppleWebKit/537.36 (KHTML, like Gecko) Chrome/142.0.0.0 Safari/537.36','exito',NULL,'2025-12-04 17:48:50'),(30,18,76,'BACKUP_CREAR','sistema','Backup manual creado: backup_smartpyme_db_2025-12-04T17-50-33.sql',NULL,NULL,NULL,'{\"size\": 134937, \"success\": true, \"filename\": \"backup_smartpyme_db_2025-12-04T17-50-33.sql\", \"filepath\": \"C:\\\\Users\\\\nicos\\\\OneDrive\\\\Documentos\\\\GitHub\\\\SmartPYME\\\\database\\\\backups\\\\backup_smartpyme_db_2025-12-04T17-50-33.sql\"}','127.0.0.1','Mozilla/5.0 (Windows NT 10.0; Win64; x64) AppleWebKit/537.36 (KHTML, like Gecko) Chrome/142.0.0.0 Safari/537.36','exito',NULL,'2025-12-04 17:50:33'),(31,18,76,'BACKUP_CREAR','sistema','Backup manual creado: N/A',NULL,NULL,NULL,'{\"error\": \"Unknown column \'id_tenant\' in \'where clause\'\", \"message\": \"Error creando backup\", \"success\": false}','127.0.0.1','Mozilla/5.0 (Windows NT 10.0; Win64; x64) AppleWebKit/537.36 (KHTML, like Gecko) Chrome/142.0.0.0 Safari/537.36','fallo','Error creando backup','2025-12-04 18:04:28'),(32,18,76,'BACKUP_CREAR','sistema','Backup manual creado: backup_pasteleria-dulce-sabor_2025-12-04_15-04-31.sql',NULL,NULL,NULL,'{\"size\": 136634, \"success\": true, \"filename\": \"backup_pasteleria-dulce-sabor_2025-12-04_15-04-31.sql\", \"filepath\": \"C:\\\\Users\\\\nicos\\\\OneDrive\\\\Documentos\\\\GitHub\\\\SmartPYME\\\\database\\\\backups\\\\backup_pasteleria-dulce-sabor_2025-12-04_15-04-31.sql\"}','127.0.0.1','Mozilla/5.0 (Windows NT 10.0; Win64; x64) AppleWebKit/537.36 (KHTML, like Gecko) Chrome/142.0.0.0 Safari/537.36','exito',NULL,'2025-12-04 18:04:31'),(33,18,76,'BACKUP_CREAR','sistema','Backup manual creado: N/A',NULL,NULL,NULL,'{\"error\": \"Unknown column \'id_tenant\' in \'where clause\'\", \"message\": \"Error creando backup\", \"success\": false}','127.0.0.1','Mozilla/5.0 (Windows NT 10.0; Win64; x64) AppleWebKit/537.36 (KHTML, like Gecko) Chrome/142.0.0.0 Safari/537.36','fallo','Error creando backup','2025-12-04 18:39:53'),(34,18,76,'BACKUP_CREAR','sistema','Backup manual creado: backup_pasteleria-dulce-sabor_2025-12-04_15-39-55.sql',NULL,NULL,NULL,'{\"size\": 138142, \"success\": true, \"filename\": \"backup_pasteleria-dulce-sabor_2025-12-04_15-39-55.sql\", \"filepath\": \"C:\\\\Users\\\\nicos\\\\OneDrive\\\\Documentos\\\\GitHub\\\\SmartPYME\\\\database\\\\backups\\\\backup_pasteleria-dulce-sabor_2025-12-04_15-39-55.sql\"}','127.0.0.1','Mozilla/5.0 (Windows NT 10.0; Win64; x64) AppleWebKit/537.36 (KHTML, like Gecko) Chrome/142.0.0.0 Safari/537.36','exito',NULL,'2025-12-04 18:39:55'),(35,18,76,'BACKUP_CREAR','sistema','Backup manual creado: N/A',NULL,NULL,NULL,'{\"error\": \"Unknown column \'id_tenant\' in \'where clause\'\", \"message\": \"Error creando backup\", \"success\": false}','127.0.0.1','Mozilla/5.0 (Windows NT 10.0; Win64; x64) AppleWebKit/537.36 (KHTML, like Gecko) Chrome/142.0.0.0 Safari/537.36','fallo','Error creando backup','2025-12-04 18:43:47'),(36,18,76,'BACKUP_CREAR','sistema','Backup manual creado: backup_pasteleria-dulce-sabor_2025-12-04_16-34-02.sql',NULL,NULL,NULL,'{\"size\": 139869, \"success\": true, \"filename\": \"backup_pasteleria-dulce-sabor_2025-12-04_16-34-02.sql\", \"filepath\": \"C:\\\\Users\\\\nicos\\\\OneDrive\\\\Documentos\\\\GitHub\\\\SmartPYME\\\\database\\\\backups\\\\backup_pasteleria-dulce-sabor_2025-12-04_16-34-02.sql\"}','127.0.0.1','Mozilla/5.0 (Windows NT 10.0; Win64; x64) AppleWebKit/537.36 (KHTML, like Gecko) Chrome/142.0.0.0 Safari/537.36','exito',NULL,'2025-12-04 19:34:02'),(37,18,76,'BACKUP_CREAR','sistema','Backup manual creado: backup_pasteleria-dulce-sabor_2025-12-04_16-45-08.sql',NULL,NULL,NULL,'{\"size\": 140695, \"success\": true, \"filename\": \"backup_pasteleria-dulce-sabor_2025-12-04_16-45-08.sql\", \"filepath\": \"C:\\\\Users\\\\nicos\\\\OneDrive\\\\Documentos\\\\GitHub\\\\SmartPYME\\\\database\\\\backups\\\\backup_pasteleria-dulce-sabor_2025-12-04_16-45-08.sql\"}','127.0.0.1','Mozilla/5.0 (Windows NT 10.0; Win64; x64) AppleWebKit/537.36 (KHTML, like Gecko) Chrome/142.0.0.0 Safari/537.36','exito',NULL,'2025-12-04 19:45:09'),(38,18,76,'BACKUP_CREAR','sistema','Backup manual creado: backup_pasteleria-dulce-sabor_2025-12-04_17-12-29.sql',NULL,NULL,NULL,'{\"size\": 141740, \"success\": true, \"filename\": \"backup_pasteleria-dulce-sabor_2025-12-04_17-12-29.sql\", \"filepath\": \"C:\\\\Users\\\\nicos\\\\OneDrive\\\\Documentos\\\\GitHub\\\\SmartPYME\\\\database\\\\backups\\\\backup_pasteleria-dulce-sabor_2025-12-04_17-12-29.sql\"}','127.0.0.1','Mozilla/5.0 (Windows NT 10.0; Win64; x64) AppleWebKit/537.36 (KHTML, like Gecko) Chrome/142.0.0.0 Safari/537.36','exito',NULL,'2025-12-04 20:12:29'),(39,18,76,'BACKUP_ELIMINAR','sistema','Backup eliminado: ID 21',NULL,NULL,NULL,'{\"message\": \"Backup eliminado exitosamente\", \"success\": true}','127.0.0.1','Mozilla/5.0 (Windows NT 10.0; Win64; x64) AppleWebKit/537.36 (KHTML, like Gecko) Chrome/142.0.0.0 Safari/537.36','exito',NULL,'2025-12-04 20:18:57'),(40,18,76,'BACKUP_ELIMINAR','sistema','Backup eliminado: ID 16',NULL,NULL,NULL,'{\"message\": \"Backup eliminado exitosamente\", \"success\": true}','127.0.0.1','Mozilla/5.0 (Windows NT 10.0; Win64; x64) AppleWebKit/537.36 (KHTML, like Gecko) Chrome/142.0.0.0 Safari/537.36','exito',NULL,'2025-12-04 20:19:05'),(41,18,76,'BACKUP_ELIMINAR','sistema','Backup eliminado: ID 8',NULL,NULL,NULL,'{\"message\": \"Backup eliminado exitosamente\", \"success\": true}','127.0.0.1','Mozilla/5.0 (Windows NT 10.0; Win64; x64) AppleWebKit/537.36 (KHTML, like Gecko) Chrome/142.0.0.0 Safari/537.36','exito',NULL,'2025-12-04 20:20:13'),(42,18,76,'BACKUP_ELIMINAR','sistema','Backup eliminado: ID 14',NULL,NULL,NULL,'{\"message\": \"Backup eliminado exitosamente\", \"success\": true}','127.0.0.1','Mozilla/5.0 (Windows NT 10.0; Win64; x64) AppleWebKit/537.36 (KHTML, like Gecko) Chrome/142.0.0.0 Safari/537.36','exito',NULL,'2025-12-04 20:22:18'),(43,18,76,'BACKUP_ELIMINAR','sistema','Backup eliminado: ID 12',NULL,NULL,NULL,'{\"message\": \"Backup eliminado exitosamente\", \"success\": true}','127.0.0.1','Mozilla/5.0 (Windows NT 10.0; Win64; x64) AppleWebKit/537.36 (KHTML, like Gecko) Chrome/142.0.0.0 Safari/537.36','exito',NULL,'2025-12-04 20:22:24'),(44,18,76,'BACKUP_ELIMINAR','sistema','Backup eliminado: ID 9',NULL,NULL,NULL,'{\"message\": \"Backup eliminado exitosamente\", \"success\": true}','127.0.0.1','Mozilla/5.0 (Windows NT 10.0; Win64; x64) AppleWebKit/537.36 (KHTML, like Gecko) Chrome/142.0.0.0 Safari/537.36','exito',NULL,'2025-12-04 20:22:30'),(45,18,76,'BACKUP_ELIMINAR','sistema','Backup eliminado: ID 10',NULL,NULL,NULL,'{\"message\": \"Contraseña incorrecta\", \"success\": false}','127.0.0.1','Mozilla/5.0 (Windows NT 10.0; Win64; x64) AppleWebKit/537.36 (KHTML, like Gecko) Chrome/142.0.0.0 Safari/537.36','fallo','Contraseña incorrecta','2025-12-04 20:22:34'),(46,18,76,'BACKUP_ELIMINAR','sistema','Backup eliminado: ID 10',NULL,NULL,NULL,'{\"message\": \"Backup eliminado exitosamente\", \"success\": true}','127.0.0.1','Mozilla/5.0 (Windows NT 10.0; Win64; x64) AppleWebKit/537.36 (KHTML, like Gecko) Chrome/142.0.0.0 Safari/537.36','exito',NULL,'2025-12-04 20:22:41'),(47,18,76,'BACKUP_ELIMINAR','sistema','Backup eliminado: ID 13',NULL,NULL,NULL,'{\"message\": \"Contraseña incorrecta\", \"success\": false}','127.0.0.1','Mozilla/5.0 (Windows NT 10.0; Win64; x64) AppleWebKit/537.36 (KHTML, like Gecko) Chrome/142.0.0.0 Safari/537.36','fallo','Contraseña incorrecta','2025-12-04 20:22:44'),(48,18,76,'BACKUP_ELIMINAR','sistema','Backup eliminado: ID 13',NULL,NULL,NULL,'{\"message\": \"Backup eliminado exitosamente\", \"success\": true}','127.0.0.1','Mozilla/5.0 (Windows NT 10.0; Win64; x64) AppleWebKit/537.36 (KHTML, like Gecko) Chrome/142.0.0.0 Safari/537.36','exito',NULL,'2025-12-04 20:22:51'),(49,18,76,'BACKUP_ELIMINAR','sistema','Backup eliminado: ID 15',NULL,NULL,NULL,'{\"message\": \"Backup eliminado exitosamente\", \"success\": true}','127.0.0.1','Mozilla/5.0 (Windows NT 10.0; Win64; x64) AppleWebKit/537.36 (KHTML, like Gecko) Chrome/142.0.0.0 Safari/537.36','exito',NULL,'2025-12-04 20:22:58'),(50,18,76,'BACKUP_ELIMINAR','sistema','Backup eliminado: ID 18',NULL,NULL,NULL,'{\"message\": \"Backup eliminado exitosamente\", \"success\": true}','127.0.0.1','Mozilla/5.0 (Windows NT 10.0; Win64; x64) AppleWebKit/537.36 (KHTML, like Gecko) Chrome/142.0.0.0 Safari/537.36','exito',NULL,'2025-12-04 20:23:02'),(51,18,76,'BACKUP_ELIMINAR','sistema','Backup eliminado: ID 19',NULL,NULL,NULL,'{\"message\": \"Backup eliminado exitosamente\", \"success\": true}','127.0.0.1','Mozilla/5.0 (Windows NT 10.0; Win64; x64) AppleWebKit/537.36 (KHTML, like Gecko) Chrome/142.0.0.0 Safari/537.36','exito',NULL,'2025-12-04 20:23:06'),(52,18,76,'BACKUP_CREAR','sistema','Backup manual creado: backup_pasteleria-dulce-sabor_2025-12-04_17-30-15.sql',NULL,NULL,NULL,'{\"size\": 143774, \"success\": true, \"filename\": \"backup_pasteleria-dulce-sabor_2025-12-04_17-30-15.sql\", \"filepath\": \"C:\\\\Users\\\\nicos\\\\OneDrive\\\\Documentos\\\\GitHub\\\\SmartPYME\\\\database\\\\backups\\\\backup_pasteleria-dulce-sabor_2025-12-04_17-30-15.sql\"}','127.0.0.1','Mozilla/5.0 (Windows NT 10.0; Win64; x64) AppleWebKit/537.36 (KHTML, like Gecko) Chrome/142.0.0.0 Safari/537.36','exito',NULL,'2025-12-04 20:30:15'),(53,18,76,'BACKUP_CREAR','sistema','Backup manual creado: backup_pasteleria-dulce-sabor_2025-12-04_17-32-32.sql',NULL,NULL,NULL,'{\"size\": 144600, \"success\": true, \"filename\": \"backup_pasteleria-dulce-sabor_2025-12-04_17-32-32.sql\", \"filepath\": \"C:\\\\Users\\\\nicos\\\\OneDrive\\\\Documentos\\\\GitHub\\\\SmartPYME\\\\database\\\\backups\\\\backup_pasteleria-dulce-sabor_2025-12-04_17-32-32.sql\"}','127.0.0.1','Mozilla/5.0 (Windows NT 10.0; Win64; x64) AppleWebKit/537.36 (KHTML, like Gecko) Chrome/142.0.0.0 Safari/537.36','exito',NULL,'2025-12-04 20:32:32'),(54,18,76,'BACKUP_CREAR','sistema','Backup manual creado: backup_pasteleria-dulce-sabor_2025-12-04_17-34-51.sql',NULL,NULL,NULL,'{\"size\": 145426, \"success\": true, \"filename\": \"backup_pasteleria-dulce-sabor_2025-12-04_17-34-51.sql\", \"filepath\": \"C:\\\\Users\\\\nicos\\\\OneDrive\\\\Documentos\\\\GitHub\\\\SmartPYME\\\\database\\\\backups\\\\backup_pasteleria-dulce-sabor_2025-12-04_17-34-51.sql\"}','127.0.0.1','Mozilla/5.0 (Windows NT 10.0; Win64; x64) AppleWebKit/537.36 (KHTML, like Gecko) Chrome/142.0.0.0 Safari/537.36','exito',NULL,'2025-12-04 20:34:52'),(55,18,76,'BACKUP_ELIMINAR','sistema','Backup eliminado: ID 24',NULL,NULL,NULL,'{\"message\": \"Backup eliminado exitosamente\", \"success\": true}','127.0.0.1','Mozilla/5.0 (Windows NT 10.0; Win64; x64) AppleWebKit/537.36 (KHTML, like Gecko) Chrome/142.0.0.0 Safari/537.36','exito',NULL,'2025-12-04 20:35:00'),(56,18,76,'BACKUP_CREAR','sistema','Backup manual creado: backup_pasteleria-dulce-sabor_2025-12-04_17-46-56.sql',NULL,NULL,NULL,'{\"size\": 146309, \"success\": true, \"filename\": \"backup_pasteleria-dulce-sabor_2025-12-04_17-46-56.sql\", \"filepath\": \"C:\\\\Users\\\\nicos\\\\OneDrive\\\\Documentos\\\\GitHub\\\\SmartPYME\\\\database\\\\backups\\\\backup_pasteleria-dulce-sabor_2025-12-04_17-46-56.sql\"}','127.0.0.1','Mozilla/5.0 (Windows NT 10.0; Win64; x64) AppleWebKit/537.36 (KHTML, like Gecko) Chrome/142.0.0.0 Safari/537.36','exito',NULL,'2025-12-04 20:46:56'),(57,18,76,'BACKUP_CREAR','sistema','Backup manual creado: backup_pasteleria-dulce-sabor_2025-12-05_19-55-16.sql.gz',NULL,NULL,NULL,'{\"size\": 21165, \"success\": true, \"filename\": \"backup_pasteleria-dulce-sabor_2025-12-05_19-55-16.sql.gz\", \"filepath\": \"C:\\\\Users\\\\nicos\\\\OneDrive\\\\Documentos\\\\GitHub\\\\SmartPYME\\\\database\\\\backups\\\\backup_pasteleria-dulce-sabor_2025-12-05_19-55-16.sql.gz\", \"originalSize\": 147365, \"compressionRatio\": \"85.6\"}','127.0.0.1','Mozilla/5.0 (Windows NT 10.0; Win64; x64) AppleWebKit/537.36 (KHTML, like Gecko) Chrome/142.0.0.0 Safari/537.36','exito',NULL,'2025-12-05 22:55:16'),(58,18,76,'BACKUP_CREAR','sistema','Backup manual creado: backup_pasteleria-dulce-sabor_2025-12-05_19-55-18.sql.gz',NULL,NULL,NULL,'{\"size\": 21239, \"success\": true, \"filename\": \"backup_pasteleria-dulce-sabor_2025-12-05_19-55-18.sql.gz\", \"filepath\": \"C:\\\\Users\\\\nicos\\\\OneDrive\\\\Documentos\\\\GitHub\\\\SmartPYME\\\\database\\\\backups\\\\backup_pasteleria-dulce-sabor_2025-12-05_19-55-18.sql.gz\", \"originalSize\": 148262, \"compressionRatio\": \"85.7\"}','127.0.0.1','Mozilla/5.0 (Windows NT 10.0; Win64; x64) AppleWebKit/537.36 (KHTML, like Gecko) Chrome/142.0.0.0 Safari/537.36','exito',NULL,'2025-12-05 22:55:19'),(59,18,76,'BACKUP_ELIMINAR','sistema','Backup eliminado: ID 28',NULL,NULL,NULL,'{\"message\": \"Backup eliminado exitosamente\", \"success\": true}','127.0.0.1','Mozilla/5.0 (Windows NT 10.0; Win64; x64) AppleWebKit/537.36 (KHTML, like Gecko) Chrome/142.0.0.0 Safari/537.36','exito',NULL,'2025-12-05 22:57:37'),(60,18,76,'BACKUP_ELIMINAR','sistema','Backup eliminado: ID 27',NULL,NULL,NULL,'{\"message\": \"Backup eliminado exitosamente\", \"success\": true}','127.0.0.1','Mozilla/5.0 (Windows NT 10.0; Win64; x64) AppleWebKit/537.36 (KHTML, like Gecko) Chrome/142.0.0.0 Safari/537.36','exito',NULL,'2025-12-05 22:57:41'),(61,18,76,'BACKUP_ELIMINAR','sistema','Backup eliminado: ID 22',NULL,NULL,NULL,'{\"message\": \"Backup eliminado exitosamente\", \"success\": true}','127.0.0.1','Mozilla/5.0 (Windows NT 10.0; Win64; x64) AppleWebKit/537.36 (KHTML, like Gecko) Chrome/142.0.0.0 Safari/537.36','exito',NULL,'2025-12-05 22:58:01'),(62,18,76,'BACKUP_CREAR','sistema','Backup manual creado: backup_pasteleria-dulce-sabor_2025-12-05_19-59-43.sql',NULL,NULL,NULL,'{\"size\": 149533, \"success\": true, \"filename\": \"backup_pasteleria-dulce-sabor_2025-12-05_19-59-43.sql\", \"filepath\": \"C:\\\\Users\\\\nicos\\\\OneDrive\\\\Documentos\\\\GitHub\\\\SmartPYME\\\\database\\\\backups\\\\backup_pasteleria-dulce-sabor_2025-12-05_19-59-43.sql\"}','127.0.0.1','Mozilla/5.0 (Windows NT 10.0; Win64; x64) AppleWebKit/537.36 (KHTML, like Gecko) Chrome/142.0.0.0 Safari/537.36','exito',NULL,'2025-12-05 22:59:43'),(63,18,76,'BACKUP_CREAR','sistema','Backup manual creado: backup_pasteleria-dulce-sabor_2025-12-05_19-59-46.sql',NULL,NULL,NULL,'{\"size\": 150359, \"success\": true, \"filename\": \"backup_pasteleria-dulce-sabor_2025-12-05_19-59-46.sql\", \"filepath\": \"C:\\\\Users\\\\nicos\\\\OneDrive\\\\Documentos\\\\GitHub\\\\SmartPYME\\\\database\\\\backups\\\\backup_pasteleria-dulce-sabor_2025-12-05_19-59-46.sql\"}','127.0.0.1','Mozilla/5.0 (Windows NT 10.0; Win64; x64) AppleWebKit/537.36 (KHTML, like Gecko) Chrome/142.0.0.0 Safari/537.36','exito',NULL,'2025-12-05 22:59:47'),(64,18,76,'BACKUP_RESTAURAR_PRUEBA','sistema','Backup restaurado a BD de prueba: ID 30',NULL,NULL,NULL,'{\"error\": \"Command failed: mysql -u root -pRocketn3m3s1s. smartpyme_db_test < \\\"C:\\\\Users\\\\nicos\\\\OneDrive\\\\Documentos\\\\GitHub\\\\SmartPYME\\\\database\\\\backups\\\\backup_pasteleria-dulce-sabor_2025-12-05_19-59-43.sql\\\"\\n\\\"mysql\\\" no se reconoce como un comando interno o externo,\\r\\nprograma o archivo por lotes ejecutable.\\r\\n\", \"message\": \"Error restaurando backup a base de datos de prueba\", \"success\": false}','127.0.0.1','Mozilla/5.0 (Windows NT 10.0; Win64; x64) AppleWebKit/537.36 (KHTML, like Gecko) Chrome/142.0.0.0 Safari/537.36','fallo','Error restaurando backup a base de datos de prueba','2025-12-05 22:59:54'),(65,18,76,'BACKUP_CREAR','sistema','Backup manual creado: backup_pasteleria-dulce-sabor_2025-12-05_20-02-38.sql',NULL,NULL,NULL,'{\"size\": 151949, \"success\": true, \"filename\": \"backup_pasteleria-dulce-sabor_2025-12-05_20-02-38.sql\", \"filepath\": \"C:\\\\Users\\\\nicos\\\\OneDrive\\\\Documentos\\\\GitHub\\\\SmartPYME\\\\database\\\\backups\\\\backup_pasteleria-dulce-sabor_2025-12-05_20-02-38.sql\"}','127.0.0.1','Mozilla/5.0 (Windows NT 10.0; Win64; x64) AppleWebKit/537.36 (KHTML, like Gecko) Chrome/142.0.0.0 Safari/537.36','exito',NULL,'2025-12-05 23:02:38'),(66,18,76,'BACKUP_RESTAURAR_PRUEBA','sistema','Backup restaurado a BD de prueba: ID 32',NULL,NULL,NULL,'{\"message\": \"Backup restaurado exitosamente en base de datos de prueba\", \"success\": true, \"testDbName\": \"smartpyme_db_test\", \"tablesCount\": 19}','127.0.0.1','Mozilla/5.0 (Windows NT 10.0; Win64; x64) AppleWebKit/537.36 (KHTML, like Gecko) Chrome/142.0.0.0 Safari/537.36','exito',NULL,'2025-12-05 23:03:06'),(67,18,76,'BACKUP_RESTAURAR_PRODUCCION','sistema','BD de prueba promovida a producción',NULL,NULL,NULL,'{\"error\": \"Command failed: mysqldump -u root -pRocketn3m3s1s. --single-transaction --skip-lock-tables smartpyme_db > \\\"C:\\\\Users\\\\nicos\\\\OneDrive\\\\Documentos\\\\GitHub\\\\SmartPYME\\\\database\\\\backups\\\\backup_before_restore_2025-12-05T23-03-22.sql\\\"\\n\\\"mysqldump\\\" no se reconoce como un comando interno o externo,\\r\\nprograma o archivo por lotes ejecutable.\\r\\n\", \"message\": \"Error promoviendo a producción\", \"success\": false}','127.0.0.1','Mozilla/5.0 (Windows NT 10.0; Win64; x64) AppleWebKit/537.36 (KHTML, like Gecko) Chrome/142.0.0.0 Safari/537.36','fallo','Error promoviendo a producción','2025-12-05 23:03:22'),(68,18,76,'BACKUP_RESTAURAR_PRODUCCION','sistema','BD de prueba promovida a producción',NULL,NULL,NULL,'{\"error\": \"Command failed: mysqldump -u root -pRocketn3m3s1s. --single-transaction --skip-lock-tables smartpyme_db > \\\"C:\\\\Users\\\\nicos\\\\OneDrive\\\\Documentos\\\\GitHub\\\\SmartPYME\\\\database\\\\backups\\\\backup_before_restore_2025-12-05T23-03-30.sql\\\"\\n\\\"mysqldump\\\" no se reconoce como un comando interno o externo,\\r\\nprograma o archivo por lotes ejecutable.\\r\\n\", \"message\": \"Error promoviendo a producción\", \"success\": false}','127.0.0.1','Mozilla/5.0 (Windows NT 10.0; Win64; x64) AppleWebKit/537.36 (KHTML, like Gecko) Chrome/142.0.0.0 Safari/537.36','fallo','Error promoviendo a producción','2025-12-05 23:03:31'),(69,18,76,'BACKUP_CREAR','sistema','Backup manual creado: backup_pasteleria-dulce-sabor_2025-12-05_20-07-02.sql',NULL,NULL,NULL,'{\"size\": 154722, \"success\": true, \"filename\": \"backup_pasteleria-dulce-sabor_2025-12-05_20-07-02.sql\", \"filepath\": \"C:\\\\Users\\\\nicos\\\\OneDrive\\\\Documentos\\\\GitHub\\\\SmartPYME\\\\database\\\\backups\\\\backup_pasteleria-dulce-sabor_2025-12-05_20-07-02.sql\"}','127.0.0.1','Mozilla/5.0 (Windows NT 10.0; Win64; x64) AppleWebKit/537.36 (KHTML, like Gecko) Chrome/142.0.0.0 Safari/537.36','exito',NULL,'2025-12-05 23:07:03'),(70,18,76,'BACKUP_RESTAURAR_PRUEBA','sistema','Backup restaurado a BD de prueba: ID 32',NULL,NULL,NULL,'{\"message\": \"Backup restaurado exitosamente en base de datos de prueba\", \"success\": true, \"testDbName\": \"smartpyme_db_test\", \"tablesCount\": 19}','127.0.0.1','Mozilla/5.0 (Windows NT 10.0; Win64; x64) AppleWebKit/537.36 (KHTML, like Gecko) Chrome/142.0.0.0 Safari/537.36','exito',NULL,'2025-12-05 23:07:07'),(71,18,76,'BACKUP_RESTAURAR_PRODUCCION','sistema','BD de prueba promovida a producción',NULL,NULL,NULL,'{\"error\": \"Error creando backup de producción: Command failed: \\\"C:\\\\Program Files\\\\MySQL\\\\MySQL Server 8.0\\\\bin\\\\mysqldump.exe\\\" -u root -pRocketn3m3s1s. --single-transaction --skip-lock-tables smartpyme_db > \\\"C:\\\\Users\\\\nicos\\\\OneDrive\\\\Documentos\\\\GitHub\\\\SmartPYME\\\\database\\\\backups\\\\backup_before_restore_2025-12-05T23-07-12.sql\\\"\\nmysqldump: [Warning] Using a password on the command line interface can be insecure.\\r\\nmysqldump: Couldn\'t execute \'SHOW FIELDS FROM `vista_pedidos_completos`\': View \'smartpyme_db.vista_pedidos_completos\' references invalid table(s) or column(s) or function(s) or definer/invoker of view lack rights to use them (1356)\\r\\n\", \"message\": \"Error promoviendo a producción\", \"success\": false}','127.0.0.1','Mozilla/5.0 (Windows NT 10.0; Win64; x64) AppleWebKit/537.36 (KHTML, like Gecko) Chrome/142.0.0.0 Safari/537.36','fallo','Error promoviendo a producción','2025-12-05 23:07:13'),(72,18,76,'BACKUP_RESTAURAR_PRUEBA','sistema','Backup restaurado a BD de prueba: ID 32',NULL,NULL,NULL,'{\"message\": \"Backup restaurado exitosamente en base de datos de prueba\", \"success\": true, \"testDbName\": \"smartpyme_db_test\", \"tablesCount\": 19}','127.0.0.1','Mozilla/5.0 (Windows NT 10.0; Win64; x64) AppleWebKit/537.36 (KHTML, like Gecko) Chrome/142.0.0.0 Safari/537.36','exito',NULL,'2025-12-05 23:08:29'),(73,18,76,'BACKUP_RESTAURAR_PRODUCCION','sistema','BD de prueba promovida a producción',NULL,NULL,NULL,'{\"error\": \"Error creando backup de producción: Command failed: \\\"C:\\\\Program Files\\\\MySQL\\\\MySQL Server 8.0\\\\bin\\\\mysqldump.exe\\\" -u root -pRocketn3m3s1s. --single-transaction --skip-lock-tables smartpyme_db > \\\"C:\\\\Users\\\\nicos\\\\OneDrive\\\\Documentos\\\\GitHub\\\\SmartPYME\\\\database\\\\backups\\\\backup_before_restore_2025-12-05T23-08-35.sql\\\"\\nmysqldump: [Warning] Using a password on the command line interface can be insecure.\\r\\nmysqldump: Couldn\'t execute \'SHOW FIELDS FROM `vista_pedidos_completos`\': View \'smartpyme_db.vista_pedidos_completos\' references invalid table(s) or column(s) or function(s) or definer/invoker of view lack rights to use them (1356)\\r\\n\", \"message\": \"Error promoviendo a producción\", \"success\": false}','127.0.0.1','Mozilla/5.0 (Windows NT 10.0; Win64; x64) AppleWebKit/537.36 (KHTML, like Gecko) Chrome/142.0.0.0 Safari/537.36','fallo','Error promoviendo a producción','2025-12-05 23:08:35'),(74,18,76,'BACKUP_CREAR','sistema','Backup manual creado: backup_pasteleria-dulce-sabor_2025-12-05_20-10-35.sql',NULL,NULL,NULL,'{\"size\": 158560, \"success\": true, \"filename\": \"backup_pasteleria-dulce-sabor_2025-12-05_20-10-35.sql\", \"filepath\": \"C:\\\\Users\\\\nicos\\\\OneDrive\\\\Documentos\\\\GitHub\\\\SmartPYME\\\\database\\\\backups\\\\backup_pasteleria-dulce-sabor_2025-12-05_20-10-35.sql\"}','127.0.0.1','Mozilla/5.0 (Windows NT 10.0; Win64; x64) AppleWebKit/537.36 (KHTML, like Gecko) Chrome/142.0.0.0 Safari/537.36','exito',NULL,'2025-12-05 23:10:35'),(75,18,76,'BACKUP_ELIMINAR','sistema','Backup eliminado: ID 33',NULL,NULL,NULL,'{\"message\": \"Backup eliminado exitosamente\", \"success\": true}','127.0.0.1','Mozilla/5.0 (Windows NT 10.0; Win64; x64) AppleWebKit/537.36 (KHTML, like Gecko) Chrome/142.0.0.0 Safari/537.36','exito',NULL,'2025-12-05 23:10:43'),(76,18,76,'BACKUP_ELIMINAR','sistema','Backup eliminado: ID 23',NULL,NULL,NULL,'{\"message\": \"Backup eliminado exitosamente\", \"success\": true}','127.0.0.1','Mozilla/5.0 (Windows NT 10.0; Win64; x64) AppleWebKit/537.36 (KHTML, like Gecko) Chrome/142.0.0.0 Safari/537.36','exito',NULL,'2025-12-05 23:10:54'),(77,18,76,'BACKUP_ELIMINAR','sistema','Backup eliminado: ID 25',NULL,NULL,NULL,'{\"message\": \"Backup eliminado exitosamente\", \"success\": true}','127.0.0.1','Mozilla/5.0 (Windows NT 10.0; Win64; x64) AppleWebKit/537.36 (KHTML, like Gecko) Chrome/142.0.0.0 Safari/537.36','exito',NULL,'2025-12-05 23:11:00'),(78,18,76,'BACKUP_ELIMINAR','sistema','Backup eliminado: ID 30',NULL,NULL,NULL,'{\"message\": \"Backup eliminado exitosamente\", \"success\": true}','127.0.0.1','Mozilla/5.0 (Windows NT 10.0; Win64; x64) AppleWebKit/537.36 (KHTML, like Gecko) Chrome/142.0.0.0 Safari/537.36','exito',NULL,'2025-12-05 23:11:05'),(79,18,76,'BACKUP_ELIMINAR','sistema','Backup eliminado: ID 31',NULL,NULL,NULL,'{\"message\": \"Backup eliminado exitosamente\", \"success\": true}','127.0.0.1','Mozilla/5.0 (Windows NT 10.0; Win64; x64) AppleWebKit/537.36 (KHTML, like Gecko) Chrome/142.0.0.0 Safari/537.36','exito',NULL,'2025-12-05 23:11:11'),(80,18,76,'BACKUP_RESTAURAR_PRUEBA','sistema','Backup restaurado a BD de prueba: ID 34',NULL,NULL,NULL,'{\"error\": \"Unexpected token \'catch\'\", \"message\": \"Error restaurando backup a base de datos de prueba\", \"success\": false}','127.0.0.1','Mozilla/5.0 (Windows NT 10.0; Win64; x64) AppleWebKit/537.36 (KHTML, like Gecko) Chrome/142.0.0.0 Safari/537.36','fallo','Error restaurando backup a base de datos de prueba','2025-12-05 23:11:16'),(81,18,76,'BACKUP_RESTAURAR_PRUEBA','sistema','Backup restaurado a BD de prueba: ID 34',NULL,NULL,NULL,'{\"error\": \"Unexpected token \'catch\'\", \"message\": \"Error restaurando backup a base de datos de prueba\", \"success\": false}','127.0.0.1','Mozilla/5.0 (Windows NT 10.0; Win64; x64) AppleWebKit/537.36 (KHTML, like Gecko) Chrome/142.0.0.0 Safari/537.36','fallo','Error restaurando backup a base de datos de prueba','2025-12-05 23:11:27'),(82,18,76,'BACKUP_CREAR','sistema','Backup manual creado: backup_pasteleria-dulce-sabor_2025-12-05_20-13-53.sql',NULL,NULL,NULL,'{\"size\": 160567, \"success\": true, \"filename\": \"backup_pasteleria-dulce-sabor_2025-12-05_20-13-53.sql\", \"filepath\": \"C:\\\\Users\\\\nicos\\\\OneDrive\\\\Documentos\\\\GitHub\\\\SmartPYME\\\\database\\\\backups\\\\backup_pasteleria-dulce-sabor_2025-12-05_20-13-53.sql\"}','127.0.0.1','Mozilla/5.0 (Windows NT 10.0; Win64; x64) AppleWebKit/537.36 (KHTML, like Gecko) Chrome/142.0.0.0 Safari/537.36','exito',NULL,'2025-12-05 23:13:53'),(83,18,76,'BACKUP_ELIMINAR','sistema','Backup eliminado: ID 34',NULL,NULL,NULL,'{\"message\": \"Backup eliminado exitosamente\", \"success\": true}','127.0.0.1','Mozilla/5.0 (Windows NT 10.0; Win64; x64) AppleWebKit/537.36 (KHTML, like Gecko) Chrome/142.0.0.0 Safari/537.36','exito',NULL,'2025-12-05 23:13:59'),(84,18,76,'BACKUP_RESTAURAR_PRUEBA','sistema','Backup restaurado a BD de prueba: ID 35',NULL,NULL,NULL,'{\"message\": \"Backup restaurado exitosamente en base de datos de prueba\", \"success\": true, \"testDbName\": \"smartpyme_db_test\", \"tablesCount\": 19}','127.0.0.1','Mozilla/5.0 (Windows NT 10.0; Win64; x64) AppleWebKit/537.36 (KHTML, like Gecko) Chrome/142.0.0.0 Safari/537.36','exito',NULL,'2025-12-05 23:14:33'),(85,18,76,'BACKUP_RESTAURAR_PRODUCCION','sistema','BD de prueba promovida a producción',NULL,NULL,NULL,'{\"error\": \"Error creando backup de producción: Command failed: \\\"C:\\\\Program Files\\\\MySQL\\\\MySQL Server 8.0\\\\bin\\\\mysqldump.exe\\\" -u root -pRocketn3m3s1s. --single-transaction --skip-lock-tables smartpyme_db > \\\"C:\\\\Users\\\\nicos\\\\OneDrive\\\\Documentos\\\\GitHub\\\\SmartPYME\\\\database\\\\backups\\\\backup_before_restore_2025-12-05T23-14-40.sql\\\"\\nmysqldump: [Warning] Using a password on the command line interface can be insecure.\\r\\nmysqldump: Couldn\'t execute \'SHOW FIELDS FROM `vista_pedidos_completos`\': View \'smartpyme_db.vista_pedidos_completos\' references invalid table(s) or column(s) or function(s) or definer/invoker of view lack rights to use them (1356)\\r\\n\", \"message\": \"Error promoviendo a producción\", \"success\": false}','127.0.0.1','Mozilla/5.0 (Windows NT 10.0; Win64; x64) AppleWebKit/537.36 (KHTML, like Gecko) Chrome/142.0.0.0 Safari/537.36','fallo','Error promoviendo a producción','2025-12-05 23:14:40'),(86,18,76,'BACKUP_RESTAURAR_PRODUCCION','sistema','BD de prueba promovida a producción',NULL,NULL,NULL,'{\"error\": \"Error creando backup de producción: Command failed: \\\"C:\\\\Program Files\\\\MySQL\\\\MySQL Server 8.0\\\\bin\\\\mysqldump.exe\\\" -u root -pRocketn3m3s1s. --single-transaction --skip-lock-tables smartpyme_db > \\\"C:\\\\Users\\\\nicos\\\\OneDrive\\\\Documentos\\\\GitHub\\\\SmartPYME\\\\database\\\\backups\\\\backup_before_restore_2025-12-05T23-15-22.sql\\\"\\nmysqldump: [Warning] Using a password on the command line interface can be insecure.\\r\\nmysqldump: Couldn\'t execute \'SHOW FIELDS FROM `vista_pedidos_completos`\': View \'smartpyme_db.vista_pedidos_completos\' references invalid table(s) or column(s) or function(s) or definer/invoker of view lack rights to use them (1356)\\r\\n\", \"message\": \"Error promoviendo a producción\", \"success\": false}','127.0.0.1','Mozilla/5.0 (Windows NT 10.0; Win64; x64) AppleWebKit/537.36 (KHTML, like Gecko) Chrome/142.0.0.0 Safari/537.36','fallo','Error promoviendo a producción','2025-12-05 23:15:22'),(87,18,76,'BACKUP_CREAR','sistema','Backup manual creado: backup_pasteleria-dulce-sabor_2025-12-05_20-21-06.sql',NULL,NULL,NULL,'{\"size\": 164039, \"success\": true, \"filename\": \"backup_pasteleria-dulce-sabor_2025-12-05_20-21-06.sql\", \"filepath\": \"C:\\\\Users\\\\nicos\\\\OneDrive\\\\Documentos\\\\GitHub\\\\SmartPYME\\\\database\\\\backups\\\\backup_pasteleria-dulce-sabor_2025-12-05_20-21-06.sql\"}','127.0.0.1','Mozilla/5.0 (Windows NT 10.0; Win64; x64) AppleWebKit/537.36 (KHTML, like Gecko) Chrome/142.0.0.0 Safari/537.36','exito',NULL,'2025-12-05 23:21:06'),(88,18,76,'BACKUP_RESTAURAR_PRUEBA','sistema','Backup restaurado a BD de prueba: ID 35',NULL,NULL,NULL,'{\"message\": \"Backup restaurado exitosamente en base de datos de prueba\", \"success\": true, \"testDbName\": \"smartpyme_db_test\", \"tablesCount\": 19}','127.0.0.1','Mozilla/5.0 (Windows NT 10.0; Win64; x64) AppleWebKit/537.36 (KHTML, like Gecko) Chrome/142.0.0.0 Safari/537.36','exito',NULL,'2025-12-05 23:21:35'),(89,18,76,'BACKUP_RESTAURAR_PRODUCCION','sistema','BD de prueba promovida a producción',NULL,NULL,NULL,'{\"error\": \"Error creando backup de producción: Command failed: \\\"C:\\\\Program Files\\\\MySQL\\\\MySQL Server 8.0\\\\bin\\\\mysqldump.exe\\\" -u root \\\"-pRocketn3m3s1s.\\\" --single-transaction --skip-lock-tables \\\"smartpyme_db\\\" > \\\"C:\\\\Users\\\\nicos\\\\OneDrive\\\\Documentos\\\\GitHub\\\\SmartPYME\\\\database\\\\backups\\\\restauracion-backup-seguridad_2025-12-05_20-21-41.sql\\\"\\nmysqldump: [Warning] Using a password on the command line interface can be insecure.\\r\\nmysqldump: Couldn\'t execute \'SHOW FIELDS FROM `vista_pedidos_completos`\': View \'smartpyme_db.vista_pedidos_completos\' references invalid table(s) or column(s) or function(s) or definer/invoker of view lack rights to use them (1356)\\r\\n\", \"message\": \"Error promoviendo a producción\", \"success\": false}','127.0.0.1','Mozilla/5.0 (Windows NT 10.0; Win64; x64) AppleWebKit/537.36 (KHTML, like Gecko) Chrome/142.0.0.0 Safari/537.36','fallo','Error promoviendo a producción','2025-12-05 23:21:41'),(90,18,76,'BACKUP_RESTAURAR_PRUEBA','sistema','Backup restaurado a BD de prueba: ID 36',NULL,NULL,NULL,'{\"message\": \"Backup restaurado exitosamente en base de datos de prueba\", \"success\": true, \"testDbName\": \"smartpyme_db_test\", \"tablesCount\": 19}','127.0.0.1','Mozilla/5.0 (Windows NT 10.0; Win64; x64) AppleWebKit/537.36 (KHTML, like Gecko) Chrome/142.0.0.0 Safari/537.36','exito',NULL,'2025-12-05 23:21:46'),(91,18,76,'BACKUP_RESTAURAR_PRODUCCION','sistema','BD de prueba promovida a producción',NULL,NULL,NULL,'{\"error\": \"Error creando backup de producción: Command failed: \\\"C:\\\\Program Files\\\\MySQL\\\\MySQL Server 8.0\\\\bin\\\\mysqldump.exe\\\" -u root \\\"-pRocketn3m3s1s.\\\" --single-transaction --skip-lock-tables \\\"smartpyme_db\\\" > \\\"C:\\\\Users\\\\nicos\\\\OneDrive\\\\Documentos\\\\GitHub\\\\SmartPYME\\\\database\\\\backups\\\\restauracion-backup-seguridad_2025-12-05_20-21-52.sql\\\"\\nmysqldump: [Warning] Using a password on the command line interface can be insecure.\\r\\nmysqldump: Couldn\'t execute \'SHOW FIELDS FROM `vista_pedidos_completos`\': View \'smartpyme_db.vista_pedidos_completos\' references invalid table(s) or column(s) or function(s) or definer/invoker of view lack rights to use them (1356)\\r\\n\", \"message\": \"Error promoviendo a producción\", \"success\": false}','127.0.0.1','Mozilla/5.0 (Windows NT 10.0; Win64; x64) AppleWebKit/537.36 (KHTML, like Gecko) Chrome/142.0.0.0 Safari/537.36','fallo','Error promoviendo a producción','2025-12-05 23:21:52'),(92,18,76,'BACKUP_ELIMINAR','sistema','Backup eliminado: ID 32',NULL,NULL,NULL,'{\"message\": \"Backup eliminado exitosamente\", \"success\": true}','127.0.0.1','Mozilla/5.0 (Windows NT 10.0; Win64; x64) AppleWebKit/537.36 (KHTML, like Gecko) Chrome/142.0.0.0 Safari/537.36','exito',NULL,'2025-12-05 23:25:53'),(93,18,76,'BACKUP_CREAR','sistema','Backup manual creado: backup_pasteleria-dulce-sabor_2025-12-05_20-25-55.sql',NULL,NULL,NULL,'{\"size\": 167982, \"success\": true, \"filename\": \"backup_pasteleria-dulce-sabor_2025-12-05_20-25-55.sql\", \"filepath\": \"C:\\\\Users\\\\nicos\\\\OneDrive\\\\Documentos\\\\GitHub\\\\SmartPYME\\\\database\\\\backups\\\\backup_pasteleria-dulce-sabor_2025-12-05_20-25-55.sql\"}','127.0.0.1','Mozilla/5.0 (Windows NT 10.0; Win64; x64) AppleWebKit/537.36 (KHTML, like Gecko) Chrome/142.0.0.0 Safari/537.36','exito',NULL,'2025-12-05 23:25:56'),(94,18,76,'BACKUP_ELIMINAR','sistema','Backup eliminado: ID 35',NULL,NULL,NULL,'{\"message\": \"Backup eliminado exitosamente\", \"success\": true}','127.0.0.1','Mozilla/5.0 (Windows NT 10.0; Win64; x64) AppleWebKit/537.36 (KHTML, like Gecko) Chrome/142.0.0.0 Safari/537.36','exito',NULL,'2025-12-05 23:26:00'),(95,18,76,'BACKUP_ELIMINAR','sistema','Backup eliminado: ID 36',NULL,NULL,NULL,'{\"message\": \"Backup eliminado exitosamente\", \"success\": true}','127.0.0.1','Mozilla/5.0 (Windows NT 10.0; Win64; x64) AppleWebKit/537.36 (KHTML, like Gecko) Chrome/142.0.0.0 Safari/537.36','exito',NULL,'2025-12-05 23:26:06'),(96,18,76,'BACKUP_CREAR','sistema','Backup manual creado: backup_pasteleria-dulce-sabor_2025-12-05_20-26-42.sql',NULL,NULL,NULL,'{\"size\": 168922, \"success\": true, \"filename\": \"backup_pasteleria-dulce-sabor_2025-12-05_20-26-42.sql\", \"filepath\": \"C:\\\\Users\\\\nicos\\\\OneDrive\\\\Documentos\\\\GitHub\\\\SmartPYME\\\\database\\\\backups\\\\backup_pasteleria-dulce-sabor_2025-12-05_20-26-42.sql\"}','127.0.0.1','Mozilla/5.0 (Windows NT 10.0; Win64; x64) AppleWebKit/537.36 (KHTML, like Gecko) Chrome/142.0.0.0 Safari/537.36','exito',NULL,'2025-12-05 23:26:42'),(97,18,76,'BACKUP_RESTAURAR_PRUEBA','sistema','Backup restaurado a BD de prueba: ID 38',NULL,NULL,NULL,'{\"message\": \"Backup restaurado exitosamente en base de datos de prueba\", \"success\": true, \"testDbName\": \"smartpyme_db_test\", \"tablesCount\": 19}','127.0.0.1','Mozilla/5.0 (Windows NT 10.0; Win64; x64) AppleWebKit/537.36 (KHTML, like Gecko) Chrome/142.0.0.0 Safari/537.36','exito',NULL,'2025-12-05 23:26:47'),(98,18,76,'BACKUP_RESTAURAR_PRODUCCION','sistema','BD de prueba promovida a producción',NULL,NULL,NULL,'{\"error\": \"Error creando backup de producción: Command failed: \\\"C:\\\\Program Files\\\\MySQL\\\\MySQL Server 8.0\\\\bin\\\\mysqldump.exe\\\" -u root \\\"-pRocketn3m3s1s.\\\" --single-transaction --skip-lock-tables \\\"smartpyme_db\\\" > \\\"C:\\\\Users\\\\nicos\\\\OneDrive\\\\Documentos\\\\GitHub\\\\SmartPYME\\\\database\\\\backups\\\\restauracion-backup-seguridad_2025-12-05_20-26-52.sql\\\"\\nmysqldump: [Warning] Using a password on the command line interface can be insecure.\\r\\nmysqldump: Couldn\'t execute \'SHOW FIELDS FROM `vista_pedidos_completos`\': View \'smartpyme_db.vista_pedidos_completos\' references invalid table(s) or column(s) or function(s) or definer/invoker of view lack rights to use them (1356)\\r\\n\", \"message\": \"Error promoviendo a producción\", \"success\": false}','127.0.0.1','Mozilla/5.0 (Windows NT 10.0; Win64; x64) AppleWebKit/537.36 (KHTML, like Gecko) Chrome/142.0.0.0 Safari/537.36','fallo','Error promoviendo a producción','2025-12-05 23:26:53'),(99,18,76,'BACKUP_RESTAURAR_PRODUCCION','sistema','BD de prueba promovida a producción',NULL,NULL,NULL,'{\"error\": \"Error creando backup de producción: Command failed: \\\"C:\\\\Program Files\\\\MySQL\\\\MySQL Server 8.0\\\\bin\\\\mysqldump.exe\\\" -u root \\\"-pRocketn3m3s1s.\\\" --single-transaction --skip-lock-tables \\\"smartpyme_db\\\" > \\\"C:\\\\Users\\\\nicos\\\\OneDrive\\\\Documentos\\\\GitHub\\\\SmartPYME\\\\database\\\\backups\\\\restauracion-backup-seguridad_2025-12-05_20-28-06.sql\\\"\\nmysqldump: [Warning] Using a password on the command line interface can be insecure.\\r\\nmysqldump: Couldn\'t execute \'SHOW FIELDS FROM `vista_pedidos_completos`\': View \'smartpyme_db.vista_pedidos_completos\' references invalid table(s) or column(s) or function(s) or definer/invoker of view lack rights to use them (1356)\\r\\n\", \"message\": \"Error promoviendo a producción\", \"success\": false}','127.0.0.1','Mozilla/5.0 (Windows NT 10.0; Win64; x64) AppleWebKit/537.36 (KHTML, like Gecko) Chrome/142.0.0.0 Safari/537.36','fallo','Error promoviendo a producción','2025-12-05 23:28:06'),(100,18,76,'BACKUP_CREAR','sistema','Backup manual creado: backup_pasteleria-dulce-sabor_2025-12-05_20-35-44.sql',NULL,NULL,NULL,'{\"size\": 172386, \"success\": true, \"filename\": \"backup_pasteleria-dulce-sabor_2025-12-05_20-35-44.sql\", \"filepath\": \"C:\\\\Users\\\\nicos\\\\OneDrive\\\\Documentos\\\\GitHub\\\\SmartPYME\\\\database\\\\backups\\\\backup_pasteleria-dulce-sabor_2025-12-05_20-35-44.sql\"}','127.0.0.1','Mozilla/5.0 (Windows NT 10.0; Win64; x64) AppleWebKit/537.36 (KHTML, like Gecko) Chrome/142.0.0.0 Safari/537.36','exito',NULL,'2025-12-05 23:35:44'),(101,18,76,'BACKUP_RESTAURAR_PRUEBA','sistema','Backup restaurado a BD de prueba: ID 39',NULL,NULL,NULL,'{\"message\": \"Backup restaurado exitosamente en base de datos de prueba\", \"success\": true, \"testDbName\": \"smartpyme_db_test\", \"tablesCount\": 19}','127.0.0.1','Mozilla/5.0 (Windows NT 10.0; Win64; x64) AppleWebKit/537.36 (KHTML, like Gecko) Chrome/142.0.0.0 Safari/537.36','exito',NULL,'2025-12-05 23:35:52'),(102,18,76,'BACKUP_RESTAURAR_PRODUCCION','sistema','BD de prueba promovida a producción',NULL,NULL,NULL,'{\"error\": \"Error creando backup de producción: Command failed: \\\"C:\\\\Program Files\\\\MySQL\\\\MySQL Server 8.0\\\\bin\\\\mysqldump.exe\\\" -u root \\\"-pRocketn3m3s1s.\\\" --single-transaction --skip-lock-tables --skip-definer \\\"smartpyme_db\\\" > \\\"C:\\\\Users\\\\nicos\\\\OneDrive\\\\Documentos\\\\GitHub\\\\SmartPYME\\\\database\\\\backups\\\\restauracion-backup-seguridad_2025-12-05_20-36-05.sql\\\"\\nmysqldump: [Warning] Using a password on the command line interface can be insecure.\\r\\nmysqldump: [ERROR] unknown option \'--skip-definer\'.\\r\\n\", \"message\": \"Error promoviendo a producción\", \"success\": false}','127.0.0.1','Mozilla/5.0 (Windows NT 10.0; Win64; x64) AppleWebKit/537.36 (KHTML, like Gecko) Chrome/142.0.0.0 Safari/537.36','fallo','Error promoviendo a producción','2025-12-05 23:36:05');
/*!40000 ALTER TABLE `auditoria` ENABLE KEYS */;
UNLOCK TABLES;

--
-- Table structure for table `backup_log`
--

DROP TABLE IF EXISTS `backup_log`;
/*!40101 SET @saved_cs_client     = @@character_set_client */;
/*!50503 SET character_set_client = utf8mb4 */;
CREATE TABLE `backup_log` (
  `id_backup` int NOT NULL AUTO_INCREMENT,
  `id_tenant` int NOT NULL,
  `filename` varchar(255) COLLATE utf8mb4_unicode_ci NOT NULL,
  `filepath` varchar(500) COLLATE utf8mb4_unicode_ci NOT NULL,
  `file_size` bigint DEFAULT NULL,
  `backup_type` enum('manual','automatic') COLLATE utf8mb4_unicode_ci DEFAULT 'manual',
  `status` enum('success','failed','in_progress') COLLATE utf8mb4_unicode_ci DEFAULT 'in_progress',
  `error_message` text COLLATE utf8mb4_unicode_ci,
  `created_by` int DEFAULT NULL,
  `created_at` timestamp NULL DEFAULT CURRENT_TIMESTAMP,
  PRIMARY KEY (`id_backup`),
  KEY `created_by` (`created_by`),
  KEY `idx_tenant` (`id_tenant`),
  KEY `idx_status` (`status`),
  KEY `idx_created_at` (`created_at` DESC),
  CONSTRAINT `backup_log_ibfk_1` FOREIGN KEY (`id_tenant`) REFERENCES `tenants` (`id_tenant`) ON DELETE CASCADE,
  CONSTRAINT `backup_log_ibfk_2` FOREIGN KEY (`created_by`) REFERENCES `usuarios` (`id_usuario`) ON DELETE SET NULL
) ENGINE=InnoDB AUTO_INCREMENT=41 DEFAULT CHARSET=utf8mb4 COLLATE=utf8mb4_unicode_ci;
/*!40101 SET character_set_client = @saved_cs_client */;

--
-- Dumping data for table `backup_log`
--

LOCK TABLES `backup_log` WRITE;
/*!40000 ALTER TABLE `backup_log` DISABLE KEYS */;
INSERT INTO `backup_log` VALUES (1,1,'backup_smartpyme_db_2025-12-04T17-28-56.sql','C:\\Users\\nicos\\OneDrive\\Documentos\\GitHub\\SmartPYME\\database\\backups\\backup_smartpyme_db_2025-12-04T17-28-56.sql',NULL,'manual','in_progress',NULL,NULL,'2025-12-04 17:28:56'),(2,1,'backup_smartpyme_db_2025-12-04T17-29-15.sql','C:\\Users\\nicos\\OneDrive\\Documentos\\GitHub\\SmartPYME\\database\\backups\\backup_smartpyme_db_2025-12-04T17-29-15.sql',NULL,'manual','in_progress',NULL,NULL,'2025-12-04 17:29:15'),(3,1,'backup_smartpyme_db_2025-12-04T17-30-13.sql','C:\\Users\\nicos\\OneDrive\\Documentos\\GitHub\\SmartPYME\\database\\backups\\backup_smartpyme_db_2025-12-04T17-30-13.sql',NULL,'manual','failed','Command failed: \"C:\\Program Files\\MySQL\\MySQL Server 8.0\\bin\\mysqldump.exe\" -u root -pRocketn3m3s1s. smartpyme_db --result-file=\"C:\\Users\\nicos\\OneDrive\\Documentos\\GitHub\\SmartPYME\\database\\backups\\backup_smartpyme_db_2025-12-04T17-30-13.sql\"\nmysqldump: [Warning] Using a password on the command line interface can be insecure.\r\nmysqldump: Couldn\'t execute \'SHOW FIELDS FROM `vista_pedidos_completos`\': View \'smartpyme_db.vista_pedidos_completos\' references invalid table(s) or column(s) or function(s) or definer/invoker of view lack rights to use them (1356)\r\n',NULL,'2025-12-04 17:30:13'),(4,1,'backup_smartpyme_db_2025-12-04T17-32-11.sql','C:\\Users\\nicos\\OneDrive\\Documentos\\GitHub\\SmartPYME\\database\\backups\\backup_smartpyme_db_2025-12-04T17-32-11.sql',NULL,'manual','failed','mysqldump failed with code 2: mysqldump: [Warning] Using a password on the command line interface can be insecure.\r\nmysqldump: Couldn\'t execute \'SHOW FIELDS FROM `vista_pedidos_completos`\': View \'smartpyme_db.vista_pedidos_completos\' references invalid table(s) or column(s) or function(s) or definer/invoker of view lack rights to use them (1356)\r\n',NULL,'2025-12-04 17:32:11'),(5,1,'backup_smartpyme_db_2025-12-04T17-32-45.sql','C:\\Users\\nicos\\OneDrive\\Documentos\\GitHub\\SmartPYME\\database\\backups\\backup_smartpyme_db_2025-12-04T17-32-45.sql',NULL,'manual','failed','mysqldump failed with code 2: mysqldump: [Warning] Using a password on the command line interface can be insecure.\r\nmysqldump: Couldn\'t execute \'SHOW FIELDS FROM `vista_pedidos_completos`\': View \'smartpyme_db.vista_pedidos_completos\' references invalid table(s) or column(s) or function(s) or definer/invoker of view lack rights to use them (1356)\r\n',NULL,'2025-12-04 17:32:45'),(6,1,'backup_smartpyme_db_2025-12-04T17-33-19.sql','C:\\Users\\nicos\\OneDrive\\Documentos\\GitHub\\SmartPYME\\database\\backups\\backup_smartpyme_db_2025-12-04T17-33-19.sql',NULL,'manual','failed','mysqldump failed: Command failed: \"C:\\Program Files\\MySQL\\MySQL Server 8.0\\bin\\mysqldump.exe\" -uroot -pRocketn3m3s1s. smartpyme_db --result-file=\"C:\\Users\\nicos\\OneDrive\\Documentos\\GitHub\\SmartPYME\\database\\backups\\backup_smartpyme_db_2025-12-04T17-33-19.sql\"\nmysqldump: [Warning] Using a password on the command line interface can be insecure.\r\nmysqldump: Couldn\'t execute \'SHOW FIELDS FROM `vista_pedidos_completos`\': View \'smartpyme_db.vista_pedidos_completos\' references invalid table(s) or column(s) or function(s) or definer/invoker of view lack rights to use them (1356)\r\n',NULL,'2025-12-04 17:33:19'),(7,1,'backup_smartpyme_db_2025-12-04T17-36-56.sql','C:\\Users\\nicos\\OneDrive\\Documentos\\GitHub\\SmartPYME\\database\\backups\\backup_smartpyme_db_2025-12-04T17-36-56.sql',133152,'manual','success',NULL,NULL,'2025-12-04 17:36:56'),(11,1,'backup_demo_2025-12-04_14-56-47.sql','C:\\Users\\nicos\\OneDrive\\Documentos\\GitHub\\SmartPYME\\database\\backups\\backup_demo_2025-12-04_14-56-47.sql',135698,'manual','success',NULL,NULL,'2025-12-04 17:56:47'),(17,1,'backup_demo_2025-12-04_16-05-31.sql','C:\\Users\\nicos\\OneDrive\\Documentos\\GitHub\\SmartPYME\\database\\backups\\backup_demo_2025-12-04_16-05-31.sql',139615,'manual','success',NULL,NULL,'2025-12-04 19:05:31'),(20,1,'backup_demo_2025-12-04_17-07-32.sql','C:\\Users\\nicos\\OneDrive\\Documentos\\GitHub\\SmartPYME\\database\\backups\\backup_demo_2025-12-04_17-07-32.sql',141486,'manual','success',NULL,NULL,'2025-12-04 20:07:32'),(26,1,'backup_demo_2025-12-05_19-40-00.sql.gz','C:\\Users\\nicos\\OneDrive\\Documentos\\GitHub\\SmartPYME\\database\\backups\\backup_demo_2025-12-05_19-40-00.sql.gz',21131,'manual','success',NULL,NULL,'2025-12-05 22:40:00'),(29,1,'backup_demo_2025-12-05_19-59-21.sql','C:\\Users\\nicos\\OneDrive\\Documentos\\GitHub\\SmartPYME\\database\\backups\\backup_demo_2025-12-05_19-59-21.sql',149279,'manual','success',NULL,NULL,'2025-12-05 22:59:21'),(37,18,'backup_pasteleria-dulce-sabor_2025-12-05_20-25-55.sql','C:\\Users\\nicos\\OneDrive\\Documentos\\GitHub\\SmartPYME\\database\\backups\\backup_pasteleria-dulce-sabor_2025-12-05_20-25-55.sql',167982,'manual','success',NULL,76,'2025-12-05 23:25:55'),(38,18,'backup_pasteleria-dulce-sabor_2025-12-05_20-26-42.sql','C:\\Users\\nicos\\OneDrive\\Documentos\\GitHub\\SmartPYME\\database\\backups\\backup_pasteleria-dulce-sabor_2025-12-05_20-26-42.sql',168922,'manual','success',NULL,76,'2025-12-05 23:26:42'),(39,18,'backup_pasteleria-dulce-sabor_2025-12-05_20-35-44.sql','C:\\Users\\nicos\\OneDrive\\Documentos\\GitHub\\SmartPYME\\database\\backups\\backup_pasteleria-dulce-sabor_2025-12-05_20-35-44.sql',172386,'manual','success',NULL,76,'2025-12-05 23:35:44'),(40,18,'backup_pasteleria-dulce-sabor_2025-12-05_21-15-50.sql','C:\\Users\\nicos\\OneDrive\\Documentos\\GitHub\\SmartPYME\\database\\backups\\backup_pasteleria-dulce-sabor_2025-12-05_21-15-50.sql',NULL,'manual','in_progress',NULL,76,'2025-12-06 00:15:50');
/*!40000 ALTER TABLE `backup_log` ENABLE KEYS */;
UNLOCK TABLES;

--
-- Table structure for table `categorias`
--

DROP TABLE IF EXISTS `categorias`;
/*!40101 SET @saved_cs_client     = @@character_set_client */;
/*!50503 SET character_set_client = utf8mb4 */;
CREATE TABLE `categorias` (
  `id_categoria` int NOT NULL AUTO_INCREMENT,
  `id_tenant` int NOT NULL DEFAULT '1',
  `nombre` varchar(100) CHARACTER SET utf8mb4 COLLATE utf8mb4_unicode_ci NOT NULL,
  `descripcion` text CHARACTER SET utf8mb4 COLLATE utf8mb4_unicode_ci,
  `activo` tinyint(1) DEFAULT '1',
  `created_at` timestamp NULL DEFAULT CURRENT_TIMESTAMP,
  PRIMARY KEY (`id_categoria`),
  UNIQUE KEY `unique_categoria_tenant` (`id_tenant`,`nombre`),
  CONSTRAINT `categorias_ibfk_1` FOREIGN KEY (`id_tenant`) REFERENCES `tenants` (`id_tenant`)
) ENGINE=InnoDB AUTO_INCREMENT=190 DEFAULT CHARSET=utf8mb4 COLLATE=utf8mb4_unicode_ci;
/*!40101 SET character_set_client = @saved_cs_client */;

--
-- Dumping data for table `categorias`
--

LOCK TABLES `categorias` WRITE;
/*!40000 ALTER TABLE `categorias` DISABLE KEYS */;
INSERT INTO `categorias` VALUES (99,19,'Vestidos','Categor??a de Vestidos',1,'2025-11-25 19:45:29'),(100,19,'Blazers y Sacos','Categor??a de Blazers y Sacos',1,'2025-11-25 19:45:29'),(101,19,'Blusas','Categor??a de Blusas',1,'2025-11-25 19:45:29'),(102,19,'Faldas','Categor??a de Faldas',1,'2025-11-25 19:45:29'),(103,19,'Pantalones','Categor??a de Pantalones',1,'2025-11-25 19:45:29'),(104,19,'Calzado','Categor??a de Calzado',1,'2025-11-25 19:45:29'),(105,19,'Accesorios','Categor??a de Accesorios',1,'2025-11-25 19:45:29'),(106,3,'Granos y Cereales','Categor??a de Granos y Cereales',1,'2025-11-25 19:45:29'),(107,3,'Aceites','Categor??a de Aceites',1,'2025-11-25 19:45:29'),(108,3,'L??cteos','Categor??a de L??cteos',1,'2025-11-25 19:45:29'),(109,3,'Pastas','Categor??a de Pastas',1,'2025-11-25 19:45:30'),(110,3,'Bebidas','Categor??a de Bebidas',1,'2025-11-25 19:45:30'),(111,1,'Laptops','Categor??a de Laptops',1,'2025-11-25 19:45:30'),(112,1,'Perif??ricos','Categor??a de Perif??ricos',1,'2025-11-25 19:45:30'),(113,1,'Monitores','Categor??a de Monitores',1,'2025-11-25 19:45:30'),(114,1,'Audio y Video','Categor??a de Audio y Video',1,'2025-11-25 19:45:30'),(115,1,'Almacenamiento','Categor??a de Almacenamiento',1,'2025-11-25 19:45:30'),(116,20,'Smartphones','Categor??a de Smartphones',1,'2025-11-25 19:45:30'),(117,20,'Laptops y Computadoras','Categor??a de Laptops y Computadoras',1,'2025-11-25 19:45:30'),(118,20,'Tablets','Categor??a de Tablets',1,'2025-11-25 19:45:30'),(119,20,'Audio','Categor??a de Audio',1,'2025-11-25 19:45:30'),(120,20,'Wearables','Categor??a de Wearables',1,'2025-11-25 19:45:30'),(121,20,'Consolas y Gaming','Categor??a de Consolas y Gaming',1,'2025-11-25 19:45:30'),(122,20,'Accesorios Premium','Categor??a de Accesorios Premium',0,'2025-11-25 19:45:30'),(123,4,'Televisores','Categor??a de Televisores',1,'2025-11-25 19:45:30'),(124,4,'Refrigeradores','Categor??a de Refrigeradores',1,'2025-11-25 19:45:30'),(125,4,'Lavadoras','Categor??a de Lavadoras',1,'2025-11-25 19:45:30'),(126,4,'Cocina','Categor??a de Cocina',1,'2025-11-25 19:45:30'),(127,4,'Peque??os Electrodom??sticos','Categor??a de Peque??os Electrodom??sticos',1,'2025-11-25 19:45:30'),(128,18,'Tortas y Pasteles','Categor??a de Tortas y Pasteles',1,'2025-11-25 19:45:30'),(129,18,'Cupcakes y Muffins','Categor??a de Cupcakes y Muffins',1,'2025-11-25 19:45:30'),(130,18,'Galletas','Categor??a de Galletas',1,'2025-11-25 19:45:30'),(131,18,'Panes Artesanales','Categor??a de Panes Artesanales',1,'2025-11-25 19:45:30'),(132,18,'Postres Fr??os','Categor??a de Postres Fr??os',1,'2025-11-25 19:45:30'),(133,18,'Reposter??a sin Gluten','Categor??a de Reposter??a sin Gluten',1,'2025-11-25 19:45:30'),(134,18,'Bebidas','Categor??a de Bebidas',1,'2025-11-25 19:45:30'),(135,2,'Camisas','Categor??a de Camisas',1,'2025-11-25 19:45:30'),(136,2,'Pantalones','Categor??a de Pantalones',1,'2025-11-25 19:45:30'),(137,2,'Calzado Deportivo','Categor??a de Calzado Deportivo',1,'2025-11-25 19:45:30'),(138,2,'Ropa Casual','Categor??a de Ropa Casual',1,'2025-11-25 19:45:30'),(139,2,'Accesorios','Categor??a de Accesorios',1,'2025-11-25 19:45:30'),(140,18,'Tortas','Categor??a Tortas',1,'2025-11-26 08:02:36'),(141,18,'Pasteles','Categor??a Pasteles',1,'2025-11-26 08:02:36'),(142,19,'Ropa de Mujer','Categor??a Ropa de Mujer',1,'2025-11-26 08:02:36'),(143,18,'Categor??a Cypress','Descripci??n de prueba creada por Cypress',1,'2025-11-26 08:29:13'),(155,18,'Test Category 1764137155167','Test category description',1,'2025-11-26 09:05:55'),(156,18,'Category to Delete','Test',1,'2025-11-26 09:05:55'),(157,18,'Test Category 1764137190250','Test category description',1,'2025-11-26 09:06:30'),(160,18,'Test Category 1764137407873','Test category description',1,'2025-11-26 09:10:08'),(163,18,'Test Category 1764137652573','Test category description',1,'2025-11-26 09:14:12'),(165,18,'Test Category 1764137684401','Test category description',1,'2025-11-26 09:14:44'),(167,18,'Test Category 1764137741121','Test category description',1,'2025-11-26 09:15:41'),(169,18,'Test Category 1764137928243','Test category description',1,'2025-11-26 09:18:48'),(174,18,'Test Category 1764138728832','Test category description',1,'2025-11-26 09:32:09'),(176,18,'Test Category 1764138769965','Test category description',1,'2025-11-26 09:32:50'),(179,18,'Test Category 1764138920534','Test category description',1,'2025-11-26 09:35:20'),(182,18,'Test Category 1764173557636','Test category description',1,'2025-11-26 19:12:37'),(184,18,'Test Category 1764214849007','Test category description',1,'2025-11-27 06:40:49'),(186,18,'Test Category 1764810692046','Test category description',1,'2025-12-04 04:11:32');
/*!40000 ALTER TABLE `categorias` ENABLE KEYS */;
UNLOCK TABLES;

--
-- Table structure for table `clientes`
--

DROP TABLE IF EXISTS `clientes`;
/*!40101 SET @saved_cs_client     = @@character_set_client */;
/*!50503 SET character_set_client = utf8mb4 */;
CREATE TABLE `clientes` (
  `id_cliente` int NOT NULL AUTO_INCREMENT,
  `id_tenant` int NOT NULL DEFAULT '1',
  `nombre` varchar(100) CHARACTER SET utf8mb4 COLLATE utf8mb4_unicode_ci NOT NULL,
  `apellido` varchar(100) CHARACTER SET utf8mb4 COLLATE utf8mb4_unicode_ci NOT NULL,
  `email` varchar(100) CHARACTER SET utf8mb4 COLLATE utf8mb4_unicode_ci NOT NULL,
  `password` varchar(255) CHARACTER SET utf8mb4 COLLATE utf8mb4_unicode_ci NOT NULL DEFAULT '',
  `telefono` varchar(20) CHARACTER SET utf8mb4 COLLATE utf8mb4_unicode_ci DEFAULT NULL,
  `direccion` text CHARACTER SET utf8mb4 COLLATE utf8mb4_unicode_ci,
  `activo` tinyint(1) DEFAULT '1',
  `created_at` timestamp NULL DEFAULT CURRENT_TIMESTAMP,
  `updated_at` timestamp NULL DEFAULT CURRENT_TIMESTAMP ON UPDATE CURRENT_TIMESTAMP,
  PRIMARY KEY (`id_cliente`),
  UNIQUE KEY `email` (`email`),
  KEY `id_tenant` (`id_tenant`),
  CONSTRAINT `clientes_ibfk_1` FOREIGN KEY (`id_tenant`) REFERENCES `tenants` (`id_tenant`)
) ENGINE=InnoDB AUTO_INCREMENT=47 DEFAULT CHARSET=utf8mb4 COLLATE=utf8mb4_unicode_ci;
/*!40101 SET character_set_client = @saved_cs_client */;

--
-- Dumping data for table `clientes`
--

LOCK TABLES `clientes` WRITE;
/*!40000 ALTER TABLE `clientes` DISABLE KEYS */;
INSERT INTO `clientes` VALUES (8,19,'Cliente1','boutique-fashion-elite','cliente1@boutique-fashion-elite.com','$2b$10$1hbbbax5aVGaa7/LIq4vNOj5Y0xenTjtB2su.MOeEGdrXOzadGVzC','+58-412-1000001','Direcci??n 1, Boutique Fashion Elite',1,'2025-11-25 19:29:04','2025-11-25 20:03:32'),(9,19,'Cliente2','boutique-fashion-elite','cliente2@boutique-fashion-elite.com','$2b$10$1hbbbax5aVGaa7/LIq4vNOj5Y0xenTjtB2su.MOeEGdrXOzadGVzC','+58-412-1000002','Direcci??n 2, Boutique Fashion Elite',1,'2025-11-25 19:29:04','2025-11-25 20:03:32'),(10,19,'Cliente3','boutique-fashion-elite','cliente3@boutique-fashion-elite.com','$2b$10$1hbbbax5aVGaa7/LIq4vNOj5Y0xenTjtB2su.MOeEGdrXOzadGVzC','+58-412-1000003','Direcci??n 3, Boutique Fashion Elite',1,'2025-11-25 19:29:04','2025-11-25 20:03:32'),(11,19,'Cliente4','boutique-fashion-elite','cliente4@boutique-fashion-elite.com','$2b$10$1hbbbax5aVGaa7/LIq4vNOj5Y0xenTjtB2su.MOeEGdrXOzadGVzC','+58-412-1000004','Direcci??n 4, Boutique Fashion Elite',1,'2025-11-25 19:29:04','2025-11-25 20:03:32'),(12,19,'Cliente5','boutique-fashion-elite','cliente5@boutique-fashion-elite.com','$2b$10$1hbbbax5aVGaa7/LIq4vNOj5Y0xenTjtB2su.MOeEGdrXOzadGVzC','+58-412-1000005','Direcci??n 5, Boutique Fashion Elite',1,'2025-11-25 19:29:04','2025-11-25 20:03:32'),(13,3,'Cliente1','comercial-xyz','cliente1@comercial-xyz.com','$2b$10$1hbbbax5aVGaa7/LIq4vNOj5Y0xenTjtB2su.MOeEGdrXOzadGVzC','+58-412-1000001','Direcci??n 1, Comercial XYZ',1,'2025-11-25 19:29:04','2025-11-25 20:03:32'),(14,3,'Cliente2','comercial-xyz','cliente2@comercial-xyz.com','$2b$10$1hbbbax5aVGaa7/LIq4vNOj5Y0xenTjtB2su.MOeEGdrXOzadGVzC','+58-412-1000002','Direcci??n 2, Comercial XYZ',1,'2025-11-25 19:29:04','2025-11-25 20:03:32'),(15,1,'Cliente1','demo','cliente1@demo.com','$2b$10$1hbbbax5aVGaa7/LIq4vNOj5Y0xenTjtB2su.MOeEGdrXOzadGVzC','+58-412-1000001','Direcci??n 1, Empresa Demo',1,'2025-11-25 19:29:04','2025-11-25 20:03:32'),(16,1,'Cliente2','demo','cliente2@demo.com','$2b$10$1hbbbax5aVGaa7/LIq4vNOj5Y0xenTjtB2su.MOeEGdrXOzadGVzC','+58-412-1000002','Direcci??n 2, Empresa Demo',1,'2025-11-25 19:29:04','2025-11-25 20:03:32'),(17,1,'Cliente3','demo','cliente3@demo.com','$2b$10$1hbbbax5aVGaa7/LIq4vNOj5Y0xenTjtB2su.MOeEGdrXOzadGVzC','+58-412-1000003','Direcci??n 3, Empresa Demo',1,'2025-11-25 19:29:04','2025-11-25 20:03:32'),(18,1,'Cliente4','demo','cliente4@demo.com','$2b$10$1hbbbax5aVGaa7/LIq4vNOj5Y0xenTjtB2su.MOeEGdrXOzadGVzC','+58-412-1000004','Direcci??n 4, Empresa Demo',1,'2025-11-25 19:29:04','2025-11-25 20:03:32'),(19,1,'Cliente5','demo','cliente5@demo.com','$2b$10$1hbbbax5aVGaa7/LIq4vNOj5Y0xenTjtB2su.MOeEGdrXOzadGVzC','+58-412-1000005','Direcci??n 5, Empresa Demo',1,'2025-11-25 19:29:04','2025-11-25 20:03:32'),(20,20,'Cliente1','electrotech-premium','cliente1@electrotech-premium.com','$2b$10$1hbbbax5aVGaa7/LIq4vNOj5Y0xenTjtB2su.MOeEGdrXOzadGVzC','+58-412-1000001','Direcci??n 1, ElectroTech Premium Store',1,'2025-11-25 19:29:04','2025-11-25 20:03:32'),(21,20,'Cliente2','electrotech-premium','cliente2@electrotech-premium.com','$2b$10$1hbbbax5aVGaa7/LIq4vNOj5Y0xenTjtB2su.MOeEGdrXOzadGVzC','+58-412-1000002','Direcci??n 2, ElectroTech Premium Store',1,'2025-11-25 19:29:04','2025-11-25 20:03:32'),(22,20,'Cliente3','electrotech-premium','cliente3@electrotech-premium.com','$2b$10$1hbbbax5aVGaa7/LIq4vNOj5Y0xenTjtB2su.MOeEGdrXOzadGVzC','+58-412-1000003','Direcci??n 3, ElectroTech Premium Store',1,'2025-11-25 19:29:04','2025-11-25 20:03:32'),(23,20,'Cliente4','electrotech-premium','cliente4@electrotech-premium.com','$2b$10$1hbbbax5aVGaa7/LIq4vNOj5Y0xenTjtB2su.MOeEGdrXOzadGVzC','+58-412-1000004','Direcci??n 4, ElectroTech Premium Store',1,'2025-11-25 19:29:04','2025-11-25 20:03:32'),(24,20,'Cliente5','electrotech-premium','cliente5@electrotech-premium.com','$2b$10$1hbbbax5aVGaa7/LIq4vNOj5Y0xenTjtB2su.MOeEGdrXOzadGVzC','+58-412-1000005','Direcci??n 5, ElectroTech Premium Store',1,'2025-11-25 19:29:04','2025-11-25 20:03:32'),(25,20,'Cliente6','electrotech-premium','cliente6@electrotech-premium.com','$2b$10$1hbbbax5aVGaa7/LIq4vNOj5Y0xenTjtB2su.MOeEGdrXOzadGVzC','+58-412-1000006','Direcci??n 6, ElectroTech Premium Store',1,'2025-11-25 19:29:04','2025-11-25 20:03:32'),(26,20,'Cliente7','electrotech-premium','cliente7@electrotech-premium.com','$2b$10$1hbbbax5aVGaa7/LIq4vNOj5Y0xenTjtB2su.MOeEGdrXOzadGVzC','+58-412-1000007','Direcci??n 7, ElectroTech Premium Store',1,'2025-11-25 19:29:04','2025-11-25 20:03:32'),(27,20,'Cliente8','electrotech-premium','cliente8@electrotech-premium.com','$2b$10$1hbbbax5aVGaa7/LIq4vNOj5Y0xenTjtB2su.MOeEGdrXOzadGVzC','+58-412-1000008','Direcci??n 8, ElectroTech Premium Store',1,'2025-11-25 19:29:04','2025-11-25 20:03:32'),(28,20,'Cliente9','electrotech-premium','cliente9@electrotech-premium.com','$2b$10$1hbbbax5aVGaa7/LIq4vNOj5Y0xenTjtB2su.MOeEGdrXOzadGVzC','+58-412-1000009','Direcci??n 9, ElectroTech Premium Store',1,'2025-11-25 19:29:04','2025-11-25 20:03:32'),(29,20,'Cliente10','electrotech-premium','cliente10@electrotech-premium.com','$2b$10$1hbbbax5aVGaa7/LIq4vNOj5Y0xenTjtB2su.MOeEGdrXOzadGVzC','+58-412-1000010','Direcci??n 10, ElectroTech Premium Store',1,'2025-11-25 19:29:04','2025-11-25 20:03:32'),(30,4,'Cliente1','megatienda-2000','cliente1@megatienda-2000.com','$2b$10$1hbbbax5aVGaa7/LIq4vNOj5Y0xenTjtB2su.MOeEGdrXOzadGVzC','+58-412-1000001','Direcci??n 1, Megatienda 2000',1,'2025-11-25 19:29:04','2025-11-25 20:03:32'),(31,4,'Cliente2','megatienda-2000','cliente2@megatienda-2000.com','$2b$10$1hbbbax5aVGaa7/LIq4vNOj5Y0xenTjtB2su.MOeEGdrXOzadGVzC','+58-412-1000002','Direcci??n 2, Megatienda 2000',1,'2025-11-25 19:29:04','2025-11-25 20:03:32'),(32,4,'Cliente3','megatienda-2000','cliente3@megatienda-2000.com','$2b$10$1hbbbax5aVGaa7/LIq4vNOj5Y0xenTjtB2su.MOeEGdrXOzadGVzC','+58-412-1000003','Direcci??n 3, Megatienda 2000',1,'2025-11-25 19:29:04','2025-11-25 20:03:32'),(33,4,'Cliente4','megatienda-2000','cliente4@megatienda-2000.com','$2b$10$1hbbbax5aVGaa7/LIq4vNOj5Y0xenTjtB2su.MOeEGdrXOzadGVzC','+58-412-1000004','Direcci??n 4, Megatienda 2000',1,'2025-11-25 19:29:04','2025-11-25 20:03:32'),(34,4,'Cliente5','megatienda-2000','cliente5@megatienda-2000.com','$2b$10$1hbbbax5aVGaa7/LIq4vNOj5Y0xenTjtB2su.MOeEGdrXOzadGVzC','+58-412-1000005','Direcci??n 5, Megatienda 2000',1,'2025-11-25 19:29:04','2025-11-25 20:03:32'),(35,4,'Cliente6','megatienda-2000','cliente6@megatienda-2000.com','$2b$10$1hbbbax5aVGaa7/LIq4vNOj5Y0xenTjtB2su.MOeEGdrXOzadGVzC','+58-412-1000006','Direcci??n 6, Megatienda 2000',1,'2025-11-25 19:29:04','2025-11-25 20:03:32'),(36,4,'Cliente7','megatienda-2000','cliente7@megatienda-2000.com','$2b$10$1hbbbax5aVGaa7/LIq4vNOj5Y0xenTjtB2su.MOeEGdrXOzadGVzC','+58-412-1000007','Direcci??n 7, Megatienda 2000',1,'2025-11-25 19:29:04','2025-11-25 20:03:32'),(37,4,'Cliente8','megatienda-2000','cliente8@megatienda-2000.com','$2b$10$1hbbbax5aVGaa7/LIq4vNOj5Y0xenTjtB2su.MOeEGdrXOzadGVzC','+58-412-1000008','Direcci??n 8, Megatienda 2000',1,'2025-11-25 19:29:04','2025-11-25 20:03:32'),(38,4,'Cliente9','megatienda-2000','cliente9@megatienda-2000.com','$2b$10$1hbbbax5aVGaa7/LIq4vNOj5Y0xenTjtB2su.MOeEGdrXOzadGVzC','+58-412-1000009','Direcci??n 9, Megatienda 2000',1,'2025-11-25 19:29:04','2025-11-25 20:03:32'),(39,4,'Cliente10','megatienda-2000','cliente10@megatienda-2000.com','$2b$10$1hbbbax5aVGaa7/LIq4vNOj5Y0xenTjtB2su.MOeEGdrXOzadGVzC','+58-412-1000010','Direcci??n 10, Megatienda 2000',1,'2025-11-25 19:29:04','2025-11-25 20:03:32'),(40,18,'Cliente1','pasteleria-dulce-sabor','cliente1@pasteleria-dulce-sabor.com','$2b$10$1hbbbax5aVGaa7/LIq4vNOj5Y0xenTjtB2su.MOeEGdrXOzadGVzC','+58-412-1000001','Direcci??n 1, Pasteler??a Dulce Sabor',1,'2025-11-25 19:29:05','2025-11-25 20:03:32'),(41,18,'Cliente2','pasteleria-dulce-sabor','cliente2@pasteleria-dulce-sabor.com','$2b$10$1hbbbax5aVGaa7/LIq4vNOj5Y0xenTjtB2su.MOeEGdrXOzadGVzC','+58-412-1000002','Direcci??n 2, Pasteler??a Dulce Sabor',1,'2025-11-25 19:29:05','2025-11-25 20:03:32'),(42,2,'Cliente1','tienda-abc','cliente1@tienda-abc.com','$2b$10$1hbbbax5aVGaa7/LIq4vNOj5Y0xenTjtB2su.MOeEGdrXOzadGVzC','+58-412-1000001','Direcci??n 1, Tienda ABC',1,'2025-11-25 19:29:05','2025-11-25 20:03:32'),(43,2,'Cliente2','tienda-abc','cliente2@tienda-abc.com','$2b$10$1hbbbax5aVGaa7/LIq4vNOj5Y0xenTjtB2su.MOeEGdrXOzadGVzC','+58-412-1000002','Direcci??n 2, Tienda ABC',1,'2025-11-25 19:29:05','2025-11-25 20:03:32'),(44,2,'Cliente3','tienda-abc','cliente3@tienda-abc.com','$2b$10$1hbbbax5aVGaa7/LIq4vNOj5Y0xenTjtB2su.MOeEGdrXOzadGVzC','+58-412-1000003','Direcci??n 3, Tienda ABC',1,'2025-11-25 19:29:05','2025-11-25 20:03:32'),(45,2,'Cliente4','tienda-abc','cliente4@tienda-abc.com','$2b$10$1hbbbax5aVGaa7/LIq4vNOj5Y0xenTjtB2su.MOeEGdrXOzadGVzC','+58-412-1000004','Direcci??n 4, Tienda ABC',1,'2025-11-25 19:29:05','2025-11-25 20:03:32'),(46,2,'Cliente5','tienda-abc','cliente5@tienda-abc.com','$2b$10$1hbbbax5aVGaa7/LIq4vNOj5Y0xenTjtB2su.MOeEGdrXOzadGVzC','+58-412-1000005','Direcci??n 5, Tienda ABC',1,'2025-11-25 19:29:05','2025-11-25 20:03:32');
/*!40000 ALTER TABLE `clientes` ENABLE KEYS */;
UNLOCK TABLES;

--
-- Table structure for table `cupones`
--

DROP TABLE IF EXISTS `cupones`;
/*!40101 SET @saved_cs_client     = @@character_set_client */;
/*!50503 SET character_set_client = utf8mb4 */;
CREATE TABLE `cupones` (
  `id_cupon` int NOT NULL AUTO_INCREMENT,
  `id_tenant` int NOT NULL,
  `codigo` varchar(50) COLLATE utf8mb4_unicode_ci NOT NULL,
  `descripcion` text COLLATE utf8mb4_unicode_ci,
  `tipo_descuento` enum('porcentaje','monto_fijo') COLLATE utf8mb4_unicode_ci NOT NULL DEFAULT 'porcentaje',
  `valor_descuento` decimal(10,2) NOT NULL,
  `monto_minimo` decimal(10,2) DEFAULT '0.00',
  `usos_maximos` int DEFAULT NULL,
  `usos_actuales` int DEFAULT '0',
  `fecha_inicio` datetime NOT NULL,
  `fecha_fin` datetime NOT NULL,
  `activo` tinyint(1) DEFAULT '1',
  `created_at` timestamp NULL DEFAULT CURRENT_TIMESTAMP,
  `updated_at` timestamp NULL DEFAULT CURRENT_TIMESTAMP ON UPDATE CURRENT_TIMESTAMP,
  PRIMARY KEY (`id_cupon`),
  UNIQUE KEY `unique_codigo_tenant` (`codigo`,`id_tenant`),
  KEY `idx_tenant` (`id_tenant`),
  KEY `idx_activo` (`activo`),
  KEY `idx_fechas` (`fecha_inicio`,`fecha_fin`),
  CONSTRAINT `cupones_ibfk_1` FOREIGN KEY (`id_tenant`) REFERENCES `tenants` (`id_tenant`) ON DELETE CASCADE
) ENGINE=InnoDB DEFAULT CHARSET=utf8mb4 COLLATE=utf8mb4_unicode_ci;
/*!40101 SET character_set_client = @saved_cs_client */;

--
-- Dumping data for table `cupones`
--

LOCK TABLES `cupones` WRITE;
/*!40000 ALTER TABLE `cupones` DISABLE KEYS */;
/*!40000 ALTER TABLE `cupones` ENABLE KEYS */;
UNLOCK TABLES;

--
-- Table structure for table `detalle_pedidos`
--

DROP TABLE IF EXISTS `detalle_pedidos`;
/*!40101 SET @saved_cs_client     = @@character_set_client */;
/*!50503 SET character_set_client = utf8mb4 */;
CREATE TABLE `detalle_pedidos` (
  `id_detalle` int NOT NULL AUTO_INCREMENT,
  `id_pedido` int NOT NULL,
  `id_producto` int NOT NULL,
  `cantidad` int NOT NULL,
  `precio_unitario` decimal(10,2) NOT NULL,
  `subtotal` decimal(10,2) NOT NULL,
  PRIMARY KEY (`id_detalle`),
  KEY `id_pedido` (`id_pedido`),
  KEY `id_producto` (`id_producto`),
  CONSTRAINT `detalle_pedidos_ibfk_1` FOREIGN KEY (`id_pedido`) REFERENCES `pedidos` (`id_pedido`) ON DELETE CASCADE,
  CONSTRAINT `detalle_pedidos_ibfk_2` FOREIGN KEY (`id_producto`) REFERENCES `productos` (`id_producto`)
) ENGINE=InnoDB AUTO_INCREMENT=65 DEFAULT CHARSET=utf8mb4 COLLATE=utf8mb4_unicode_ci;
/*!40101 SET character_set_client = @saved_cs_client */;

--
-- Dumping data for table `detalle_pedidos`
--

LOCK TABLES `detalle_pedidos` WRITE;
/*!40000 ALTER TABLE `detalle_pedidos` DISABLE KEYS */;
INSERT INTO `detalle_pedidos` VALUES (14,10,104,1,89990.00,89990.00),(15,10,105,1,129990.00,129990.00),(19,13,121,1,1449990.00,1449990.00),(20,14,116,1,649990.00,649990.00),(21,15,116,1,649990.00,649990.00),(22,16,116,1,649990.00,649990.00),(23,17,116,1,649990.00,649990.00),(24,18,116,1,649990.00,649990.00),(25,19,116,1,649990.00,649990.00),(26,20,116,1,649990.00,649990.00),(27,21,116,1,649990.00,649990.00),(28,22,116,1,649990.00,649990.00),(29,23,136,1,25000.00,25000.00),(30,24,137,1,22000.00,22000.00),(31,25,137,1,22000.00,22000.00),(32,26,138,1,8500.00,8500.00),(33,27,138,1,1000.00,1000.00),(34,28,138,1,1000.00,1000.00),(35,29,138,1,1000.00,1000.00),(36,30,147,1,22000.00,22000.00),(37,31,147,1,22000.00,22000.00),(38,32,147,1,22000.00,22000.00),(39,33,147,1,22000.00,22000.00),(40,34,137,1,1000.00,1000.00),(43,37,160,1,5000.00,5000.00),(45,39,162,1,5000.00,5000.00),(50,44,162,1,5000.00,5000.00),(51,45,162,1,5000.00,5000.00),(52,46,162,1,5000.00,5000.00),(55,49,162,1,5000.00,5000.00),(57,51,162,1,5000.00,5000.00),(58,52,162,1,5000.00,5000.00),(59,53,162,1,5000.00,5000.00),(63,57,162,1,5000.00,5000.00),(64,58,162,1,5000.00,5000.00);
/*!40000 ALTER TABLE `detalle_pedidos` ENABLE KEYS */;
UNLOCK TABLES;

--
-- Table structure for table `estados_pedido`
--

DROP TABLE IF EXISTS `estados_pedido`;
/*!40101 SET @saved_cs_client     = @@character_set_client */;
/*!50503 SET character_set_client = utf8mb4 */;
CREATE TABLE `estados_pedido` (
  `id_estado` int NOT NULL AUTO_INCREMENT,
  `nombre_estado` varchar(50) CHARACTER SET utf8mb4 COLLATE utf8mb4_unicode_ci NOT NULL,
  `descripcion` text CHARACTER SET utf8mb4 COLLATE utf8mb4_unicode_ci,
  PRIMARY KEY (`id_estado`)
) ENGINE=InnoDB AUTO_INCREMENT=8 DEFAULT CHARSET=utf8mb4 COLLATE=utf8mb4_unicode_ci;
/*!40101 SET character_set_client = @saved_cs_client */;

--
-- Dumping data for table `estados_pedido`
--

LOCK TABLES `estados_pedido` WRITE;
/*!40000 ALTER TABLE `estados_pedido` DISABLE KEYS */;
INSERT INTO `estados_pedido` VALUES (1,'Pendiente','Pedido recibido, pendiente de procesamiento'),(2,'Confirmado','Pedido confirmado por el sistema'),(3,'En Proceso','Pedido en preparaci??n'),(4,'Listo','Pedido listo para retiro o env??o'),(5,'Enviado','Pedido enviado al cliente'),(6,'Completado','Pedido completado y entregado'),(7,'Cancelado','Pedido cancelado');
/*!40000 ALTER TABLE `estados_pedido` ENABLE KEYS */;
UNLOCK TABLES;

--
-- Table structure for table `favoritos`
--

DROP TABLE IF EXISTS `favoritos`;
/*!40101 SET @saved_cs_client     = @@character_set_client */;
/*!50503 SET character_set_client = utf8mb4 */;
CREATE TABLE `favoritos` (
  `id_favorito` int NOT NULL AUTO_INCREMENT,
  `id_usuario` int NOT NULL,
  `id_producto` int NOT NULL,
  `created_at` timestamp NULL DEFAULT CURRENT_TIMESTAMP,
  PRIMARY KEY (`id_favorito`),
  UNIQUE KEY `unique_usuario_producto` (`id_usuario`,`id_producto`),
  KEY `idx_usuario` (`id_usuario`),
  KEY `idx_producto` (`id_producto`),
  CONSTRAINT `favoritos_ibfk_1` FOREIGN KEY (`id_usuario`) REFERENCES `usuarios` (`id_usuario`) ON DELETE CASCADE,
  CONSTRAINT `favoritos_ibfk_2` FOREIGN KEY (`id_producto`) REFERENCES `productos` (`id_producto`) ON DELETE CASCADE
) ENGINE=InnoDB DEFAULT CHARSET=utf8mb4 COLLATE=utf8mb4_unicode_ci;
/*!40101 SET character_set_client = @saved_cs_client */;

--
-- Dumping data for table `favoritos`
--

LOCK TABLES `favoritos` WRITE;
/*!40000 ALTER TABLE `favoritos` DISABLE KEYS */;
/*!40000 ALTER TABLE `favoritos` ENABLE KEYS */;
UNLOCK TABLES;

--
-- Table structure for table `historial_estados_pedido`
--

DROP TABLE IF EXISTS `historial_estados_pedido`;
/*!40101 SET @saved_cs_client     = @@character_set_client */;
/*!50503 SET character_set_client = utf8mb4 */;
CREATE TABLE `historial_estados_pedido` (
  `id_historial` int NOT NULL AUTO_INCREMENT,
  `id_pedido` int NOT NULL,
  `id_estado` int NOT NULL,
  `id_usuario` int DEFAULT NULL,
  `notas` text CHARACTER SET utf8mb4 COLLATE utf8mb4_unicode_ci,
  `fecha_cambio` timestamp NULL DEFAULT CURRENT_TIMESTAMP,
  PRIMARY KEY (`id_historial`),
  KEY `id_estado` (`id_estado`),
  KEY `id_usuario` (`id_usuario`),
  KEY `idx_pedido_fecha` (`id_pedido`,`fecha_cambio` DESC),
  CONSTRAINT `historial_estados_pedido_ibfk_1` FOREIGN KEY (`id_pedido`) REFERENCES `pedidos` (`id_pedido`) ON DELETE CASCADE,
  CONSTRAINT `historial_estados_pedido_ibfk_2` FOREIGN KEY (`id_estado`) REFERENCES `estados_pedido` (`id_estado`),
  CONSTRAINT `historial_estados_pedido_ibfk_3` FOREIGN KEY (`id_usuario`) REFERENCES `usuarios` (`id_usuario`) ON DELETE SET NULL
) ENGINE=InnoDB AUTO_INCREMENT=33 DEFAULT CHARSET=utf8mb4 COLLATE=utf8mb4_unicode_ci;
/*!40101 SET character_set_client = @saved_cs_client */;

--
-- Dumping data for table `historial_estados_pedido`
--

LOCK TABLES `historial_estados_pedido` WRITE;
/*!40000 ALTER TABLE `historial_estados_pedido` DISABLE KEYS */;
INSERT INTO `historial_estados_pedido` VALUES (4,16,1,1,'Estado inicial del pedido','2025-11-19 08:15:57'),(5,17,6,1,'Estado inicial del pedido','2025-11-19 08:15:57'),(6,18,6,1,'Estado inicial del pedido','2025-11-19 08:15:57'),(7,19,7,1,'Estado inicial del pedido','2025-11-19 08:15:57'),(8,22,1,1,'Pedido creado','2025-11-19 18:30:49'),(9,23,1,1,'Pedido creado','2025-11-19 18:31:56'),(10,24,1,1,'Pedido creado','2025-11-19 18:31:56'),(11,24,2,1,'Pedido confirmado por administrador','2025-11-19 18:31:56'),(12,24,3,1,'Pedido en proceso de preparaci??n','2025-11-19 18:31:56'),(13,25,1,1,'Pedido creado','2025-11-19 18:31:56'),(14,25,2,1,'Pedido confirmado','2025-11-19 18:31:56'),(15,23,7,NULL,NULL,'2025-11-19 18:32:23'),(16,24,4,NULL,NULL,'2025-11-19 18:32:32'),(17,24,6,NULL,NULL,'2025-11-19 18:32:39'),(18,25,7,NULL,'No confirma pago.','2025-11-19 19:25:15'),(19,30,2,1,'Test RF-7: Pedido confirmado para pruebas','2025-11-20 04:21:23'),(23,37,2,1,NULL,'2025-11-20 15:31:25'),(24,37,3,1,NULL,'2025-11-20 15:31:27'),(25,37,4,1,NULL,'2025-11-20 15:31:29'),(26,39,2,1,NULL,'2025-11-20 15:36:44'),(27,39,3,1,NULL,'2025-11-20 15:36:46'),(28,39,4,1,NULL,'2025-11-20 15:36:48'),(32,10,4,22,'Prioridad.','2025-11-26 04:05:18');
/*!40000 ALTER TABLE `historial_estados_pedido` ENABLE KEYS */;
UNLOCK TABLES;

--
-- Table structure for table `metodos_pago`
--

DROP TABLE IF EXISTS `metodos_pago`;
/*!40101 SET @saved_cs_client     = @@character_set_client */;
/*!50503 SET character_set_client = utf8mb4 */;
CREATE TABLE `metodos_pago` (
  `id_metodo` int NOT NULL AUTO_INCREMENT,
  `id_tenant` int NOT NULL,
  `nombre` varchar(100) COLLATE utf8mb4_unicode_ci NOT NULL,
  `tipo` enum('efectivo','transferencia','tarjeta','mercadopago','otro') COLLATE utf8mb4_unicode_ci NOT NULL,
  `descripcion` text COLLATE utf8mb4_unicode_ci,
  `instrucciones` text COLLATE utf8mb4_unicode_ci,
  `activo` tinyint(1) DEFAULT '1',
  `orden` int DEFAULT '0',
  `configuracion` json DEFAULT NULL,
  `created_at` timestamp NULL DEFAULT CURRENT_TIMESTAMP,
  `updated_at` timestamp NULL DEFAULT CURRENT_TIMESTAMP ON UPDATE CURRENT_TIMESTAMP,
  PRIMARY KEY (`id_metodo`),
  KEY `idx_tenant` (`id_tenant`),
  KEY `idx_activo` (`activo`),
  KEY `idx_orden` (`orden`),
  CONSTRAINT `metodos_pago_ibfk_1` FOREIGN KEY (`id_tenant`) REFERENCES `tenants` (`id_tenant`) ON DELETE CASCADE
) ENGINE=InnoDB DEFAULT CHARSET=utf8mb4 COLLATE=utf8mb4_unicode_ci;
/*!40101 SET character_set_client = @saved_cs_client */;

--
-- Dumping data for table `metodos_pago`
--

LOCK TABLES `metodos_pago` WRITE;
/*!40000 ALTER TABLE `metodos_pago` DISABLE KEYS */;
/*!40000 ALTER TABLE `metodos_pago` ENABLE KEYS */;
UNLOCK TABLES;

--
-- Table structure for table `notificaciones`
--

DROP TABLE IF EXISTS `notificaciones`;
/*!40101 SET @saved_cs_client     = @@character_set_client */;
/*!50503 SET character_set_client = utf8mb4 */;
CREATE TABLE `notificaciones` (
  `id_notificacion` int NOT NULL AUTO_INCREMENT,
  `id_tenant` int NOT NULL,
  `id_usuario` int NOT NULL,
  `tipo` varchar(50) CHARACTER SET utf8mb4 COLLATE utf8mb4_unicode_ci NOT NULL,
  `titulo` varchar(200) CHARACTER SET utf8mb4 COLLATE utf8mb4_unicode_ci NOT NULL,
  `mensaje` text CHARACTER SET utf8mb4 COLLATE utf8mb4_unicode_ci NOT NULL,
  `leida` tinyint(1) DEFAULT '0',
  `id_referencia` int DEFAULT NULL,
  `tipo_referencia` varchar(50) CHARACTER SET utf8mb4 COLLATE utf8mb4_unicode_ci DEFAULT NULL,
  `created_at` timestamp NULL DEFAULT CURRENT_TIMESTAMP,
  PRIMARY KEY (`id_notificacion`),
  KEY `idx_usuario_leida` (`id_usuario`,`leida`),
  KEY `idx_created_at` (`created_at` DESC),
  KEY `idx_tenant_notificacion` (`id_tenant`),
  CONSTRAINT `fk_notificaciones_tenant` FOREIGN KEY (`id_tenant`) REFERENCES `tenants` (`id_tenant`) ON DELETE CASCADE,
  CONSTRAINT `notificaciones_ibfk_1` FOREIGN KEY (`id_usuario`) REFERENCES `usuarios` (`id_usuario`) ON DELETE CASCADE
) ENGINE=InnoDB AUTO_INCREMENT=453 DEFAULT CHARSET=utf8mb4 COLLATE=utf8mb4_unicode_ci;
/*!40101 SET character_set_client = @saved_cs_client */;

--
-- Dumping data for table `notificaciones`
--

LOCK TABLES `notificaciones` WRITE;
/*!40000 ALTER TABLE `notificaciones` DISABLE KEYS */;
INSERT INTO `notificaciones` VALUES (176,1,2,'nuevo_pedido','Nuevo pedido PED-20251126-3265 (#20)','Cliente: Admin - Total: $649990.00',0,20,'pedido','2025-11-26 06:54:12'),(177,1,2,'nuevo_pedido','Nuevo pedido PED-20251126-813 (#21)','Cliente: Admin - Total: $649990.00',0,21,'pedido','2025-11-26 06:54:23'),(178,1,2,'nuevo_pedido','Nuevo pedido PED-20251126-8464 (#22)','Cliente: Admin - Total: $649.990',0,22,'pedido','2025-11-26 06:59:11'),(179,1,35,'nuevo_pedido','Nuevo pedido PED-20251126-8464 (#22)','Cliente: Admin - Total: $649.990',0,22,'pedido','2025-11-26 06:59:11'),(180,1,36,'nuevo_pedido','Nuevo pedido PED-20251126-8464 (#22)','Cliente: Admin - Total: $649.990',0,22,'pedido','2025-11-26 06:59:11'),(181,1,37,'nuevo_pedido','Nuevo pedido PED-20251126-8464 (#22)','Cliente: Admin - Total: $649.990',0,22,'pedido','2025-11-26 06:59:11'),(182,1,38,'nuevo_pedido','Nuevo pedido PED-20251126-8464 (#22)','Cliente: Admin - Total: $649.990',0,22,'pedido','2025-11-26 06:59:11'),(183,1,95,'nuevo_pedido','Nuevo pedido PED-20251126-8464 (#22)','Cliente: Admin - Total: $649.990',0,22,'pedido','2025-11-26 06:59:11'),(184,1,96,'nuevo_pedido','Nuevo pedido PED-20251126-8464 (#22)','Cliente: Admin - Total: $649.990',0,22,'pedido','2025-11-26 06:59:11'),(185,1,97,'nuevo_pedido','Nuevo pedido PED-20251126-8464 (#22)','Cliente: Admin - Total: $649.990',0,22,'pedido','2025-11-26 06:59:11'),(186,18,76,'nuevo_pedido','Nuevo pedido PED-20251126-5557 (#23)','Cliente: Cliente1 - Total: $25.000',0,23,'pedido','2025-11-26 06:59:49'),(187,18,77,'nuevo_pedido','Nuevo pedido PED-20251126-5557 (#23)','Cliente: Cliente1 - Total: $25.000',0,23,'pedido','2025-11-26 06:59:49'),(188,18,90,'nuevo_pedido','Nuevo pedido PED-20251126-5557 (#23)','Cliente: Cliente1 - Total: $25.000',0,23,'pedido','2025-11-26 06:59:49'),(189,18,92,'nuevo_pedido','Nuevo pedido PED-20251126-5557 (#23)','Cliente: Cliente1 - Total: $25.000',0,23,'pedido','2025-11-26 06:59:49'),(190,18,94,'nuevo_pedido','Nuevo pedido PED-20251126-5557 (#23)','Cliente: Cliente1 - Total: $25.000',0,23,'pedido','2025-11-26 06:59:49'),(191,18,76,'stock_agotado','? Stock agotado: Torta Tres Leches','El producto se ha quedado sin stock. Reponer urgente.',0,136,'producto','2025-11-26 06:59:49'),(192,18,77,'stock_agotado','? Stock agotado: Torta Tres Leches','El producto se ha quedado sin stock. Reponer urgente.',0,136,'producto','2025-11-26 06:59:49'),(193,18,90,'stock_agotado','? Stock agotado: Torta Tres Leches','El producto se ha quedado sin stock. Reponer urgente.',0,136,'producto','2025-11-26 06:59:49'),(194,18,92,'stock_agotado','? Stock agotado: Torta Tres Leches','El producto se ha quedado sin stock. Reponer urgente.',0,136,'producto','2025-11-26 06:59:49'),(195,18,94,'stock_agotado','? Stock agotado: Torta Tres Leches','El producto se ha quedado sin stock. Reponer urgente.',0,136,'producto','2025-11-26 06:59:49'),(196,18,76,'nuevo_pedido','Nuevo pedido PED-20251126-9695 (#24)','Cliente: Cliente1 - Total: $22.000',0,24,'pedido','2025-11-26 07:00:11'),(197,18,77,'nuevo_pedido','Nuevo pedido PED-20251126-9695 (#24)','Cliente: Cliente1 - Total: $22.000',0,24,'pedido','2025-11-26 07:00:11'),(198,18,90,'nuevo_pedido','Nuevo pedido PED-20251126-9695 (#24)','Cliente: Cliente1 - Total: $22.000',0,24,'pedido','2025-11-26 07:00:11'),(199,18,92,'nuevo_pedido','Nuevo pedido PED-20251126-9695 (#24)','Cliente: Cliente1 - Total: $22.000',0,24,'pedido','2025-11-26 07:00:11'),(200,18,94,'nuevo_pedido','Nuevo pedido PED-20251126-9695 (#24)','Cliente: Cliente1 - Total: $22.000',0,24,'pedido','2025-11-26 07:00:11'),(201,18,76,'stock_critico','?????? Stock bajo: Torta de Chocolate','Solo quedan 1 unidades',1,137,'producto','2025-11-26 07:00:11'),(202,18,77,'stock_critico','?????? Stock bajo: Torta de Chocolate','Solo quedan 1 unidades',0,137,'producto','2025-11-26 07:00:11'),(203,18,90,'stock_critico','?????? Stock bajo: Torta de Chocolate','Solo quedan 1 unidades',0,137,'producto','2025-11-26 07:00:11'),(204,18,92,'stock_critico','?????? Stock bajo: Torta de Chocolate','Solo quedan 1 unidades',0,137,'producto','2025-11-26 07:00:11'),(205,18,94,'stock_critico','?????? Stock bajo: Torta de Chocolate','Solo quedan 1 unidades',0,137,'producto','2025-11-26 07:00:11'),(206,18,76,'nuevo_pedido','Nuevo pedido PED-20251126-8142 (#25)','Cliente: Cliente1 - Total: $22.000',0,25,'pedido','2025-11-26 07:01:03'),(207,18,77,'nuevo_pedido','Nuevo pedido PED-20251126-8142 (#25)','Cliente: Cliente1 - Total: $22.000',0,25,'pedido','2025-11-26 07:01:03'),(208,18,90,'nuevo_pedido','Nuevo pedido PED-20251126-8142 (#25)','Cliente: Cliente1 - Total: $22.000',0,25,'pedido','2025-11-26 07:01:03'),(209,18,92,'nuevo_pedido','Nuevo pedido PED-20251126-8142 (#25)','Cliente: Cliente1 - Total: $22.000',0,25,'pedido','2025-11-26 07:01:03'),(210,18,94,'nuevo_pedido','Nuevo pedido PED-20251126-8142 (#25)','Cliente: Cliente1 - Total: $22.000',0,25,'pedido','2025-11-26 07:01:03'),(211,18,76,'stock_agotado','? Stock agotado: Torta de Chocolate','El producto se ha quedado sin stock. Reponer urgente.',0,137,'producto','2025-11-26 07:01:03'),(212,18,77,'stock_agotado','? Stock agotado: Torta de Chocolate','El producto se ha quedado sin stock. Reponer urgente.',0,137,'producto','2025-11-26 07:01:03'),(213,18,90,'stock_agotado','? Stock agotado: Torta de Chocolate','El producto se ha quedado sin stock. Reponer urgente.',0,137,'producto','2025-11-26 07:01:03'),(214,18,92,'stock_agotado','? Stock agotado: Torta de Chocolate','El producto se ha quedado sin stock. Reponer urgente.',0,137,'producto','2025-11-26 07:01:03'),(215,18,94,'stock_agotado','? Stock agotado: Torta de Chocolate','El producto se ha quedado sin stock. Reponer urgente.',0,137,'producto','2025-11-26 07:01:03'),(216,18,76,'nuevo_pedido','Nuevo pedido PED-20251126-5093 (#26)','Cliente: Cliente1 - Total: $8.500',0,26,'pedido','2025-11-26 07:02:16'),(217,18,77,'nuevo_pedido','Nuevo pedido PED-20251126-5093 (#26)','Cliente: Cliente1 - Total: $8.500',0,26,'pedido','2025-11-26 07:02:16'),(218,18,90,'nuevo_pedido','Nuevo pedido PED-20251126-5093 (#26)','Cliente: Cliente1 - Total: $8.500',0,26,'pedido','2025-11-26 07:02:16'),(219,18,92,'nuevo_pedido','Nuevo pedido PED-20251126-5093 (#26)','Cliente: Cliente1 - Total: $8.500',0,26,'pedido','2025-11-26 07:02:16'),(220,18,94,'nuevo_pedido','Nuevo pedido PED-20251126-5093 (#26)','Cliente: Cliente1 - Total: $8.500',0,26,'pedido','2025-11-26 07:02:16'),(221,18,76,'nuevo_pedido','Nuevo pedido PED-20251126-4200 (#27)','Cliente: Test - Total: $1.000',0,27,'pedido','2025-11-26 07:14:14'),(222,18,77,'nuevo_pedido','Nuevo pedido PED-20251126-4200 (#27)','Cliente: Test - Total: $1.000',0,27,'pedido','2025-11-26 07:14:14'),(223,18,92,'nuevo_pedido','Nuevo pedido PED-20251126-4200 (#27)','Cliente: Test - Total: $1.000',0,27,'pedido','2025-11-26 07:14:14'),(224,18,94,'nuevo_pedido','Nuevo pedido PED-20251126-4200 (#27)','Cliente: Test - Total: $1.000',0,27,'pedido','2025-11-26 07:14:14'),(225,18,90,'nuevo_pedido','Nuevo pedido PED-20251126-4200 (#27)','Cliente: Test - Total: $1.000',0,27,'pedido','2025-11-26 07:14:14'),(226,18,76,'nuevo_pedido','Nuevo pedido PED-20251126-8146 (#28)','Cliente: Test - Total: $1.000',0,28,'pedido','2025-11-26 07:17:47'),(227,18,77,'nuevo_pedido','Nuevo pedido PED-20251126-8146 (#28)','Cliente: Test - Total: $1.000',0,28,'pedido','2025-11-26 07:17:47'),(228,18,90,'nuevo_pedido','Nuevo pedido PED-20251126-8146 (#28)','Cliente: Test - Total: $1.000',0,28,'pedido','2025-11-26 07:17:47'),(229,18,92,'nuevo_pedido','Nuevo pedido PED-20251126-8146 (#28)','Cliente: Test - Total: $1.000',0,28,'pedido','2025-11-26 07:17:47'),(230,18,94,'nuevo_pedido','Nuevo pedido PED-20251126-8146 (#28)','Cliente: Test - Total: $1.000',0,28,'pedido','2025-11-26 07:17:47'),(231,18,76,'nuevo_pedido','Nuevo pedido PED-20251126-2687 (#29)','Cliente: Test - Total: $1.000',0,29,'pedido','2025-11-26 07:26:14'),(232,18,77,'nuevo_pedido','Nuevo pedido PED-20251126-2687 (#29)','Cliente: Test - Total: $1.000',0,29,'pedido','2025-11-26 07:26:14'),(233,18,90,'nuevo_pedido','Nuevo pedido PED-20251126-2687 (#29)','Cliente: Test - Total: $1.000',0,29,'pedido','2025-11-26 07:26:14'),(234,18,92,'nuevo_pedido','Nuevo pedido PED-20251126-2687 (#29)','Cliente: Test - Total: $1.000',0,29,'pedido','2025-11-26 07:26:14'),(235,18,94,'nuevo_pedido','Nuevo pedido PED-20251126-2687 (#29)','Cliente: Test - Total: $1.000',0,29,'pedido','2025-11-26 07:26:14'),(236,18,77,'nuevo_pedido','Nuevo pedido PED-20251126-6318 (#30)','Cliente: Cypress User - Total: $22.000',0,30,'pedido','2025-11-26 08:06:52'),(237,18,76,'nuevo_pedido','Nuevo pedido PED-20251126-6318 (#30)','Cliente: Cypress User - Total: $22.000',0,30,'pedido','2025-11-26 08:06:52'),(238,18,90,'nuevo_pedido','Nuevo pedido PED-20251126-6318 (#30)','Cliente: Cypress User - Total: $22.000',0,30,'pedido','2025-11-26 08:06:52'),(239,18,92,'nuevo_pedido','Nuevo pedido PED-20251126-6318 (#30)','Cliente: Cypress User - Total: $22.000',0,30,'pedido','2025-11-26 08:06:52'),(240,18,94,'nuevo_pedido','Nuevo pedido PED-20251126-6318 (#30)','Cliente: Cypress User - Total: $22.000',0,30,'pedido','2025-11-26 08:06:52'),(241,18,76,'nuevo_pedido','Nuevo pedido PED-20251126-9929 (#31)','Cliente: Cypress User - Total: $22.000',0,31,'pedido','2025-11-26 08:07:53'),(242,18,77,'nuevo_pedido','Nuevo pedido PED-20251126-9929 (#31)','Cliente: Cypress User - Total: $22.000',0,31,'pedido','2025-11-26 08:07:53'),(243,18,90,'nuevo_pedido','Nuevo pedido PED-20251126-9929 (#31)','Cliente: Cypress User - Total: $22.000',0,31,'pedido','2025-11-26 08:07:53'),(244,18,92,'nuevo_pedido','Nuevo pedido PED-20251126-9929 (#31)','Cliente: Cypress User - Total: $22.000',0,31,'pedido','2025-11-26 08:07:53'),(245,18,94,'nuevo_pedido','Nuevo pedido PED-20251126-9929 (#31)','Cliente: Cypress User - Total: $22.000',0,31,'pedido','2025-11-26 08:07:53'),(246,18,76,'nuevo_pedido','Nuevo pedido PED-20251126-4165 (#32)','Cliente: Cypress User - Total: $22.000',0,32,'pedido','2025-11-26 08:14:44'),(247,18,77,'nuevo_pedido','Nuevo pedido PED-20251126-4165 (#32)','Cliente: Cypress User - Total: $22.000',0,32,'pedido','2025-11-26 08:14:44'),(248,18,90,'nuevo_pedido','Nuevo pedido PED-20251126-4165 (#32)','Cliente: Cypress User - Total: $22.000',0,32,'pedido','2025-11-26 08:14:44'),(249,18,94,'nuevo_pedido','Nuevo pedido PED-20251126-4165 (#32)','Cliente: Cypress User - Total: $22.000',0,32,'pedido','2025-11-26 08:14:44'),(250,18,92,'nuevo_pedido','Nuevo pedido PED-20251126-4165 (#32)','Cliente: Cypress User - Total: $22.000',0,32,'pedido','2025-11-26 08:14:44'),(251,18,76,'stock_critico','?????? Stock bajo: Torta de Zanahoria','Solo quedan 5 unidades',0,147,'producto','2025-11-26 08:14:44'),(252,18,77,'stock_critico','?????? Stock bajo: Torta de Zanahoria','Solo quedan 5 unidades',0,147,'producto','2025-11-26 08:14:44'),(253,18,90,'stock_critico','?????? Stock bajo: Torta de Zanahoria','Solo quedan 5 unidades',0,147,'producto','2025-11-26 08:14:44'),(254,18,92,'stock_critico','?????? Stock bajo: Torta de Zanahoria','Solo quedan 5 unidades',0,147,'producto','2025-11-26 08:14:44'),(255,18,94,'stock_critico','?????? Stock bajo: Torta de Zanahoria','Solo quedan 5 unidades',0,147,'producto','2025-11-26 08:14:44'),(256,18,76,'nuevo_pedido','Nuevo pedido PED-20251126-8068 (#33)','Cliente: Cypress User - Total: $22.000',0,33,'pedido','2025-11-26 08:18:00'),(257,18,77,'nuevo_pedido','Nuevo pedido PED-20251126-8068 (#33)','Cliente: Cypress User - Total: $22.000',0,33,'pedido','2025-11-26 08:18:00'),(258,18,90,'nuevo_pedido','Nuevo pedido PED-20251126-8068 (#33)','Cliente: Cypress User - Total: $22.000',0,33,'pedido','2025-11-26 08:18:00'),(259,18,92,'nuevo_pedido','Nuevo pedido PED-20251126-8068 (#33)','Cliente: Cypress User - Total: $22.000',0,33,'pedido','2025-11-26 08:18:00'),(260,18,94,'nuevo_pedido','Nuevo pedido PED-20251126-8068 (#33)','Cliente: Cypress User - Total: $22.000',0,33,'pedido','2025-11-26 08:18:00'),(261,18,76,'stock_critico','?????? Stock bajo: Torta de Zanahoria','Solo quedan 4 unidades',0,147,'producto','2025-11-26 08:18:00'),(262,18,77,'stock_critico','?????? Stock bajo: Torta de Zanahoria','Solo quedan 4 unidades',0,147,'producto','2025-11-26 08:18:00'),(263,18,90,'stock_critico','?????? Stock bajo: Torta de Zanahoria','Solo quedan 4 unidades',0,147,'producto','2025-11-26 08:18:00'),(264,18,92,'stock_critico','?????? Stock bajo: Torta de Zanahoria','Solo quedan 4 unidades',0,147,'producto','2025-11-26 08:18:00'),(265,18,94,'stock_critico','?????? Stock bajo: Torta de Zanahoria','Solo quedan 4 unidades',0,147,'producto','2025-11-26 08:18:00'),(266,18,76,'nuevo_pedido','Nuevo pedido PED-20251126-5227 (#34)','Cliente: Test - Total: $1.000',0,34,'pedido','2025-11-26 08:52:25'),(267,18,77,'nuevo_pedido','Nuevo pedido PED-20251126-5227 (#34)','Cliente: Test - Total: $1.000',0,34,'pedido','2025-11-26 08:52:25'),(268,18,90,'nuevo_pedido','Nuevo pedido PED-20251126-5227 (#34)','Cliente: Test - Total: $1.000',0,34,'pedido','2025-11-26 08:52:25'),(269,18,92,'nuevo_pedido','Nuevo pedido PED-20251126-5227 (#34)','Cliente: Test - Total: $1.000',0,34,'pedido','2025-11-26 08:52:25'),(270,18,94,'nuevo_pedido','Nuevo pedido PED-20251126-5227 (#34)','Cliente: Test - Total: $1.000',0,34,'pedido','2025-11-26 08:52:25'),(271,18,76,'nuevo_pedido','Nuevo pedido PED-20251126-0335 (#35)','Cliente: Test - Total: $1.000',0,35,'pedido','2025-11-26 09:05:57'),(272,18,77,'nuevo_pedido','Nuevo pedido PED-20251126-0335 (#35)','Cliente: Test - Total: $1.000',0,35,'pedido','2025-11-26 09:05:57'),(273,18,90,'nuevo_pedido','Nuevo pedido PED-20251126-0335 (#35)','Cliente: Test - Total: $1.000',0,35,'pedido','2025-11-26 09:05:57'),(274,18,92,'nuevo_pedido','Nuevo pedido PED-20251126-0335 (#35)','Cliente: Test - Total: $1.000',0,35,'pedido','2025-11-26 09:05:57'),(275,18,94,'nuevo_pedido','Nuevo pedido PED-20251126-0335 (#35)','Cliente: Test - Total: $1.000',0,35,'pedido','2025-11-26 09:05:57'),(276,18,76,'nuevo_pedido','Nuevo pedido PED-20251126-3823 (#36)','Cliente: Test - Total: $1.000',0,36,'pedido','2025-11-26 09:06:31'),(277,18,77,'nuevo_pedido','Nuevo pedido PED-20251126-3823 (#36)','Cliente: Test - Total: $1.000',0,36,'pedido','2025-11-26 09:06:31'),(278,18,90,'nuevo_pedido','Nuevo pedido PED-20251126-3823 (#36)','Cliente: Test - Total: $1.000',0,36,'pedido','2025-11-26 09:06:31'),(279,18,92,'nuevo_pedido','Nuevo pedido PED-20251126-3823 (#36)','Cliente: Test - Total: $1.000',0,36,'pedido','2025-11-26 09:06:31'),(280,18,94,'nuevo_pedido','Nuevo pedido PED-20251126-3823 (#36)','Cliente: Test - Total: $1.000',0,36,'pedido','2025-11-26 09:06:31'),(281,18,76,'nuevo_pedido','Nuevo pedido PED-20251126-9680 (#37)','Cliente: Cypress User - Total: $5.000',0,37,'pedido','2025-11-26 09:08:49'),(282,18,77,'nuevo_pedido','Nuevo pedido PED-20251126-9680 (#37)','Cliente: Cypress User - Total: $5.000',0,37,'pedido','2025-11-26 09:08:49'),(283,18,90,'nuevo_pedido','Nuevo pedido PED-20251126-9680 (#37)','Cliente: Cypress User - Total: $5.000',0,37,'pedido','2025-11-26 09:08:49'),(284,18,92,'nuevo_pedido','Nuevo pedido PED-20251126-9680 (#37)','Cliente: Cypress User - Total: $5.000',0,37,'pedido','2025-11-26 09:08:49'),(285,18,94,'nuevo_pedido','Nuevo pedido PED-20251126-9680 (#37)','Cliente: Cypress User - Total: $5.000',0,37,'pedido','2025-11-26 09:08:49'),(286,18,76,'nuevo_pedido','Nuevo pedido PED-20251126-1160 (#38)','Cliente: Test - Total: $1.000',0,38,'pedido','2025-11-26 09:10:09'),(287,18,77,'nuevo_pedido','Nuevo pedido PED-20251126-1160 (#38)','Cliente: Test - Total: $1.000',0,38,'pedido','2025-11-26 09:10:09'),(288,18,90,'nuevo_pedido','Nuevo pedido PED-20251126-1160 (#38)','Cliente: Test - Total: $1.000',0,38,'pedido','2025-11-26 09:10:09'),(289,18,92,'nuevo_pedido','Nuevo pedido PED-20251126-1160 (#38)','Cliente: Test - Total: $1.000',0,38,'pedido','2025-11-26 09:10:09'),(290,18,94,'nuevo_pedido','Nuevo pedido PED-20251126-1160 (#38)','Cliente: Test - Total: $1.000',0,38,'pedido','2025-11-26 09:10:09'),(291,18,76,'nuevo_pedido','Nuevo pedido PED-20251126-5439 (#39)','Cliente: Cypress User - Total: $5.000',0,39,'pedido','2025-11-26 09:13:28'),(292,18,77,'nuevo_pedido','Nuevo pedido PED-20251126-5439 (#39)','Cliente: Cypress User - Total: $5.000',0,39,'pedido','2025-11-26 09:13:28'),(293,18,90,'nuevo_pedido','Nuevo pedido PED-20251126-5439 (#39)','Cliente: Cypress User - Total: $5.000',0,39,'pedido','2025-11-26 09:13:28'),(294,18,92,'nuevo_pedido','Nuevo pedido PED-20251126-5439 (#39)','Cliente: Cypress User - Total: $5.000',0,39,'pedido','2025-11-26 09:13:28'),(295,18,94,'nuevo_pedido','Nuevo pedido PED-20251126-5439 (#39)','Cliente: Cypress User - Total: $5.000',0,39,'pedido','2025-11-26 09:13:28'),(296,18,76,'nuevo_pedido','Nuevo pedido PED-20251126-6747 (#40)','Cliente: Test - Total: $1.000',0,40,'pedido','2025-11-26 09:14:13'),(297,18,77,'nuevo_pedido','Nuevo pedido PED-20251126-6747 (#40)','Cliente: Test - Total: $1.000',0,40,'pedido','2025-11-26 09:14:13'),(298,18,90,'nuevo_pedido','Nuevo pedido PED-20251126-6747 (#40)','Cliente: Test - Total: $1.000',0,40,'pedido','2025-11-26 09:14:13'),(299,18,92,'nuevo_pedido','Nuevo pedido PED-20251126-6747 (#40)','Cliente: Test - Total: $1.000',0,40,'pedido','2025-11-26 09:14:13'),(300,18,94,'nuevo_pedido','Nuevo pedido PED-20251126-6747 (#40)','Cliente: Test - Total: $1.000',0,40,'pedido','2025-11-26 09:14:13'),(301,18,76,'stock_critico','?????? Stock bajo: Torta de Chocolate','Solo quedan 5 unidades',0,137,'producto','2025-11-26 09:14:13'),(302,18,77,'stock_critico','?????? Stock bajo: Torta de Chocolate','Solo quedan 5 unidades',0,137,'producto','2025-11-26 09:14:13'),(303,18,90,'stock_critico','?????? Stock bajo: Torta de Chocolate','Solo quedan 5 unidades',0,137,'producto','2025-11-26 09:14:13'),(304,18,92,'stock_critico','?????? Stock bajo: Torta de Chocolate','Solo quedan 5 unidades',0,137,'producto','2025-11-26 09:14:13'),(305,18,94,'stock_critico','?????? Stock bajo: Torta de Chocolate','Solo quedan 5 unidades',0,137,'producto','2025-11-26 09:14:13'),(306,18,76,'nuevo_pedido','Nuevo pedido PED-20251126-2581 (#41)','Cliente: Test - Total: $1.000',0,41,'pedido','2025-11-26 09:14:46'),(307,18,77,'nuevo_pedido','Nuevo pedido PED-20251126-2581 (#41)','Cliente: Test - Total: $1.000',0,41,'pedido','2025-11-26 09:14:46'),(308,18,90,'nuevo_pedido','Nuevo pedido PED-20251126-2581 (#41)','Cliente: Test - Total: $1.000',0,41,'pedido','2025-11-26 09:14:46'),(309,18,92,'nuevo_pedido','Nuevo pedido PED-20251126-2581 (#41)','Cliente: Test - Total: $1.000',0,41,'pedido','2025-11-26 09:14:46'),(310,18,94,'nuevo_pedido','Nuevo pedido PED-20251126-2581 (#41)','Cliente: Test - Total: $1.000',0,41,'pedido','2025-11-26 09:14:46'),(311,18,76,'stock_critico','?????? Stock bajo: Torta de Chocolate','Solo quedan 4 unidades',0,137,'producto','2025-11-26 09:14:46'),(312,18,77,'stock_critico','?????? Stock bajo: Torta de Chocolate','Solo quedan 4 unidades',0,137,'producto','2025-11-26 09:14:46'),(313,18,90,'stock_critico','?????? Stock bajo: Torta de Chocolate','Solo quedan 4 unidades',0,137,'producto','2025-11-26 09:14:46'),(314,18,92,'stock_critico','?????? Stock bajo: Torta de Chocolate','Solo quedan 4 unidades',0,137,'producto','2025-11-26 09:14:46'),(315,18,94,'stock_critico','?????? Stock bajo: Torta de Chocolate','Solo quedan 4 unidades',0,137,'producto','2025-11-26 09:14:46'),(316,18,76,'nuevo_pedido','Nuevo pedido PED-20251126-1897 (#42)','Cliente: Test - Total: $1.000',0,42,'pedido','2025-11-26 09:15:42'),(317,18,77,'nuevo_pedido','Nuevo pedido PED-20251126-1897 (#42)','Cliente: Test - Total: $1.000',0,42,'pedido','2025-11-26 09:15:42'),(318,18,90,'nuevo_pedido','Nuevo pedido PED-20251126-1897 (#42)','Cliente: Test - Total: $1.000',0,42,'pedido','2025-11-26 09:15:42'),(319,18,92,'nuevo_pedido','Nuevo pedido PED-20251126-1897 (#42)','Cliente: Test - Total: $1.000',0,42,'pedido','2025-11-26 09:15:42'),(320,18,94,'nuevo_pedido','Nuevo pedido PED-20251126-1897 (#42)','Cliente: Test - Total: $1.000',0,42,'pedido','2025-11-26 09:15:42'),(321,18,76,'stock_critico','?????? Stock bajo: Torta de Chocolate','Solo quedan 3 unidades',0,137,'producto','2025-11-26 09:15:42'),(322,18,77,'stock_critico','?????? Stock bajo: Torta de Chocolate','Solo quedan 3 unidades',0,137,'producto','2025-11-26 09:15:42'),(323,18,90,'stock_critico','?????? Stock bajo: Torta de Chocolate','Solo quedan 3 unidades',0,137,'producto','2025-11-26 09:15:42'),(324,18,92,'stock_critico','?????? Stock bajo: Torta de Chocolate','Solo quedan 3 unidades',0,137,'producto','2025-11-26 09:15:42'),(325,18,94,'stock_critico','?????? Stock bajo: Torta de Chocolate','Solo quedan 3 unidades',0,137,'producto','2025-11-26 09:15:42'),(326,18,76,'nuevo_pedido','Nuevo pedido PED-20251126-2783 (#43)','Cliente: Test - Total: $1.000',0,43,'pedido','2025-11-26 09:18:50'),(327,18,77,'nuevo_pedido','Nuevo pedido PED-20251126-2783 (#43)','Cliente: Test - Total: $1.000',0,43,'pedido','2025-11-26 09:18:50'),(328,18,90,'nuevo_pedido','Nuevo pedido PED-20251126-2783 (#43)','Cliente: Test - Total: $1.000',0,43,'pedido','2025-11-26 09:18:50'),(329,18,92,'nuevo_pedido','Nuevo pedido PED-20251126-2783 (#43)','Cliente: Test - Total: $1.000',0,43,'pedido','2025-11-26 09:18:50'),(330,18,94,'nuevo_pedido','Nuevo pedido PED-20251126-2783 (#43)','Cliente: Test - Total: $1.000',0,43,'pedido','2025-11-26 09:18:50'),(331,18,76,'stock_critico','?????? Stock bajo: Torta de Chocolate','Solo quedan 2 unidades',0,137,'producto','2025-11-26 09:18:50'),(332,18,77,'stock_critico','?????? Stock bajo: Torta de Chocolate','Solo quedan 2 unidades',0,137,'producto','2025-11-26 09:18:50'),(333,18,90,'stock_critico','?????? Stock bajo: Torta de Chocolate','Solo quedan 2 unidades',0,137,'producto','2025-11-26 09:18:50'),(334,18,92,'stock_critico','?????? Stock bajo: Torta de Chocolate','Solo quedan 2 unidades',0,137,'producto','2025-11-26 09:18:50'),(335,18,94,'stock_critico','?????? Stock bajo: Torta de Chocolate','Solo quedan 2 unidades',0,137,'producto','2025-11-26 09:18:50'),(336,18,77,'nuevo_pedido','Nuevo pedido PED-20251126-1551 (#44)','Cliente: Cypress User - Total: $5.000',0,44,'pedido','2025-11-26 09:25:31'),(337,18,76,'nuevo_pedido','Nuevo pedido PED-20251126-1551 (#44)','Cliente: Cypress User - Total: $5.000',0,44,'pedido','2025-11-26 09:25:31'),(338,18,90,'nuevo_pedido','Nuevo pedido PED-20251126-1551 (#44)','Cliente: Cypress User - Total: $5.000',0,44,'pedido','2025-11-26 09:25:31'),(339,18,92,'nuevo_pedido','Nuevo pedido PED-20251126-1551 (#44)','Cliente: Cypress User - Total: $5.000',0,44,'pedido','2025-11-26 09:25:31'),(340,18,94,'nuevo_pedido','Nuevo pedido PED-20251126-1551 (#44)','Cliente: Cypress User - Total: $5.000',0,44,'pedido','2025-11-26 09:25:31'),(341,18,76,'nuevo_pedido','Nuevo pedido PED-20251126-0530 (#45)','Cliente: Cypress User - Total: $5.000',0,45,'pedido','2025-11-26 09:26:25'),(342,18,77,'nuevo_pedido','Nuevo pedido PED-20251126-0530 (#45)','Cliente: Cypress User - Total: $5.000',0,45,'pedido','2025-11-26 09:26:25'),(343,18,90,'nuevo_pedido','Nuevo pedido PED-20251126-0530 (#45)','Cliente: Cypress User - Total: $5.000',0,45,'pedido','2025-11-26 09:26:25'),(344,18,92,'nuevo_pedido','Nuevo pedido PED-20251126-0530 (#45)','Cliente: Cypress User - Total: $5.000',0,45,'pedido','2025-11-26 09:26:25'),(345,18,94,'nuevo_pedido','Nuevo pedido PED-20251126-0530 (#45)','Cliente: Cypress User - Total: $5.000',0,45,'pedido','2025-11-26 09:26:25'),(346,18,76,'nuevo_pedido','Nuevo pedido PED-20251126-5719 (#46)','Cliente: Cypress User - Total: $5.000',0,46,'pedido','2025-11-26 09:29:39'),(347,18,77,'nuevo_pedido','Nuevo pedido PED-20251126-5719 (#46)','Cliente: Cypress User - Total: $5.000',0,46,'pedido','2025-11-26 09:29:39'),(348,18,90,'nuevo_pedido','Nuevo pedido PED-20251126-5719 (#46)','Cliente: Cypress User - Total: $5.000',0,46,'pedido','2025-11-26 09:29:39'),(349,18,94,'nuevo_pedido','Nuevo pedido PED-20251126-5719 (#46)','Cliente: Cypress User - Total: $5.000',0,46,'pedido','2025-11-26 09:29:39'),(350,18,92,'nuevo_pedido','Nuevo pedido PED-20251126-5719 (#46)','Cliente: Cypress User - Total: $5.000',0,46,'pedido','2025-11-26 09:29:39'),(351,18,76,'nuevo_pedido','Nuevo pedido PED-20251126-0403 (#47)','Cliente: Test - Total: $1.000',0,47,'pedido','2025-11-26 09:32:11'),(352,18,77,'nuevo_pedido','Nuevo pedido PED-20251126-0403 (#47)','Cliente: Test - Total: $1.000',0,47,'pedido','2025-11-26 09:32:11'),(353,18,92,'nuevo_pedido','Nuevo pedido PED-20251126-0403 (#47)','Cliente: Test - Total: $1.000',0,47,'pedido','2025-11-26 09:32:11'),(354,18,90,'nuevo_pedido','Nuevo pedido PED-20251126-0403 (#47)','Cliente: Test - Total: $1.000',0,47,'pedido','2025-11-26 09:32:11'),(355,18,94,'nuevo_pedido','Nuevo pedido PED-20251126-0403 (#47)','Cliente: Test - Total: $1.000',0,47,'pedido','2025-11-26 09:32:11'),(356,18,76,'stock_critico','?????? Stock bajo: Torta de Chocolate','Solo quedan 1 unidades',0,137,'producto','2025-11-26 09:32:11'),(357,18,77,'stock_critico','?????? Stock bajo: Torta de Chocolate','Solo quedan 1 unidades',0,137,'producto','2025-11-26 09:32:11'),(358,18,90,'stock_critico','?????? Stock bajo: Torta de Chocolate','Solo quedan 1 unidades',0,137,'producto','2025-11-26 09:32:11'),(359,18,92,'stock_critico','?????? Stock bajo: Torta de Chocolate','Solo quedan 1 unidades',0,137,'producto','2025-11-26 09:32:11'),(360,18,94,'stock_critico','?????? Stock bajo: Torta de Chocolate','Solo quedan 1 unidades',0,137,'producto','2025-11-26 09:32:11'),(361,18,76,'nuevo_pedido','Nuevo pedido PED-20251126-8184 (#48)','Cliente: Test - Total: $1.000',0,48,'pedido','2025-11-26 09:32:52'),(362,18,77,'nuevo_pedido','Nuevo pedido PED-20251126-8184 (#48)','Cliente: Test - Total: $1.000',0,48,'pedido','2025-11-26 09:32:52'),(363,18,90,'nuevo_pedido','Nuevo pedido PED-20251126-8184 (#48)','Cliente: Test - Total: $1.000',0,48,'pedido','2025-11-26 09:32:52'),(364,18,92,'nuevo_pedido','Nuevo pedido PED-20251126-8184 (#48)','Cliente: Test - Total: $1.000',0,48,'pedido','2025-11-26 09:32:52'),(365,18,94,'nuevo_pedido','Nuevo pedido PED-20251126-8184 (#48)','Cliente: Test - Total: $1.000',0,48,'pedido','2025-11-26 09:32:52'),(366,18,76,'stock_agotado','? Stock agotado: Torta de Chocolate','El producto se ha quedado sin stock. Reponer urgente.',1,137,'producto','2025-11-26 09:32:52'),(367,18,77,'stock_agotado','? Stock agotado: Torta de Chocolate','El producto se ha quedado sin stock. Reponer urgente.',0,137,'producto','2025-11-26 09:32:52'),(368,18,90,'stock_agotado','? Stock agotado: Torta de Chocolate','El producto se ha quedado sin stock. Reponer urgente.',0,137,'producto','2025-11-26 09:32:52'),(369,18,92,'stock_agotado','? Stock agotado: Torta de Chocolate','El producto se ha quedado sin stock. Reponer urgente.',0,137,'producto','2025-11-26 09:32:52'),(370,18,94,'stock_agotado','? Stock agotado: Torta de Chocolate','El producto se ha quedado sin stock. Reponer urgente.',0,137,'producto','2025-11-26 09:32:52'),(371,18,76,'nuevo_pedido','Nuevo pedido PED-20251126-1153 (#49)','Cliente: Cypress User - Total: $5.000',0,49,'pedido','2025-11-26 09:33:23'),(372,18,77,'nuevo_pedido','Nuevo pedido PED-20251126-1153 (#49)','Cliente: Cypress User - Total: $5.000',0,49,'pedido','2025-11-26 09:33:23'),(373,18,90,'nuevo_pedido','Nuevo pedido PED-20251126-1153 (#49)','Cliente: Cypress User - Total: $5.000',0,49,'pedido','2025-11-26 09:33:23'),(374,18,92,'nuevo_pedido','Nuevo pedido PED-20251126-1153 (#49)','Cliente: Cypress User - Total: $5.000',0,49,'pedido','2025-11-26 09:33:23'),(375,18,94,'nuevo_pedido','Nuevo pedido PED-20251126-1153 (#49)','Cliente: Cypress User - Total: $5.000',0,49,'pedido','2025-11-26 09:33:23'),(376,18,76,'stock_critico','?????? Stock bajo: Test Product 1764137406744','Solo quedan 5 unidades',0,162,'producto','2025-11-26 09:33:23'),(377,18,77,'stock_critico','?????? Stock bajo: Test Product 1764137406744','Solo quedan 5 unidades',0,162,'producto','2025-11-26 09:33:23'),(378,18,90,'stock_critico','?????? Stock bajo: Test Product 1764137406744','Solo quedan 5 unidades',0,162,'producto','2025-11-26 09:33:23'),(379,18,92,'stock_critico','?????? Stock bajo: Test Product 1764137406744','Solo quedan 5 unidades',0,162,'producto','2025-11-26 09:33:23'),(380,18,94,'stock_critico','?????? Stock bajo: Test Product 1764137406744','Solo quedan 5 unidades',0,162,'producto','2025-11-26 09:33:23'),(381,18,76,'nuevo_pedido','Nuevo pedido PED-20251126-5196 (#50)','Cliente: Test - Total: $1.000',0,50,'pedido','2025-11-26 09:35:23'),(382,18,77,'nuevo_pedido','Nuevo pedido PED-20251126-5196 (#50)','Cliente: Test - Total: $1.000',0,50,'pedido','2025-11-26 09:35:23'),(383,18,90,'nuevo_pedido','Nuevo pedido PED-20251126-5196 (#50)','Cliente: Test - Total: $1.000',0,50,'pedido','2025-11-26 09:35:23'),(384,18,92,'nuevo_pedido','Nuevo pedido PED-20251126-5196 (#50)','Cliente: Test - Total: $1.000',0,50,'pedido','2025-11-26 09:35:23'),(385,18,94,'nuevo_pedido','Nuevo pedido PED-20251126-5196 (#50)','Cliente: Test - Total: $1.000',0,50,'pedido','2025-11-26 09:35:23'),(386,20,44,'nuevo_pedido','Nuevo pedido PED-20251126-5913 (#51)','Cliente: Admin - Total: $5.000',0,51,'pedido','2025-11-26 19:06:03'),(387,20,45,'nuevo_pedido','Nuevo pedido PED-20251126-5913 (#51)','Cliente: Admin - Total: $5.000',0,51,'pedido','2025-11-26 19:06:03'),(388,20,46,'nuevo_pedido','Nuevo pedido PED-20251126-5913 (#51)','Cliente: Admin - Total: $5.000',0,51,'pedido','2025-11-26 19:06:03'),(389,20,47,'nuevo_pedido','Nuevo pedido PED-20251126-5913 (#51)','Cliente: Admin - Total: $5.000',0,51,'pedido','2025-11-26 19:06:03'),(390,20,48,'nuevo_pedido','Nuevo pedido PED-20251126-5913 (#51)','Cliente: Admin - Total: $5.000',0,51,'pedido','2025-11-26 19:06:03'),(391,20,49,'nuevo_pedido','Nuevo pedido PED-20251126-5913 (#51)','Cliente: Admin - Total: $5.000',0,51,'pedido','2025-11-26 19:06:03'),(392,20,44,'stock_critico','?????? Stock bajo: Test Product 1764137406744','Solo quedan 4 unidades',1,162,'producto','2025-11-26 19:06:03'),(393,20,45,'stock_critico','?????? Stock bajo: Test Product 1764137406744','Solo quedan 4 unidades',0,162,'producto','2025-11-26 19:06:03'),(394,20,47,'stock_critico','?????? Stock bajo: Test Product 1764137406744','Solo quedan 4 unidades',0,162,'producto','2025-11-26 19:06:03'),(395,20,46,'stock_critico','?????? Stock bajo: Test Product 1764137406744','Solo quedan 4 unidades',0,162,'producto','2025-11-26 19:06:03'),(396,20,48,'stock_critico','?????? Stock bajo: Test Product 1764137406744','Solo quedan 4 unidades',0,162,'producto','2025-11-26 19:06:03'),(397,20,49,'stock_critico','?????? Stock bajo: Test Product 1764137406744','Solo quedan 4 unidades',0,162,'producto','2025-11-26 19:06:03'),(398,18,76,'nuevo_pedido','Nuevo pedido PED-20251126-4391 (#52)','Cliente: Cypress User - Total: $5.000',0,52,'pedido','2025-11-26 19:10:54'),(399,18,77,'nuevo_pedido','Nuevo pedido PED-20251126-4391 (#52)','Cliente: Cypress User - Total: $5.000',0,52,'pedido','2025-11-26 19:10:54'),(400,18,90,'nuevo_pedido','Nuevo pedido PED-20251126-4391 (#52)','Cliente: Cypress User - Total: $5.000',0,52,'pedido','2025-11-26 19:10:54'),(401,18,92,'nuevo_pedido','Nuevo pedido PED-20251126-4391 (#52)','Cliente: Cypress User - Total: $5.000',0,52,'pedido','2025-11-26 19:10:54'),(402,18,94,'nuevo_pedido','Nuevo pedido PED-20251126-4391 (#52)','Cliente: Cypress User - Total: $5.000',0,52,'pedido','2025-11-26 19:10:54'),(403,18,76,'stock_critico','?????? Stock bajo: Test Product 1764137406744','Solo quedan 3 unidades',1,162,'producto','2025-11-26 19:10:54'),(404,18,77,'stock_critico','?????? Stock bajo: Test Product 1764137406744','Solo quedan 3 unidades',0,162,'producto','2025-11-26 19:10:54'),(405,18,90,'stock_critico','?????? Stock bajo: Test Product 1764137406744','Solo quedan 3 unidades',0,162,'producto','2025-11-26 19:10:54'),(406,18,92,'stock_critico','?????? Stock bajo: Test Product 1764137406744','Solo quedan 3 unidades',0,162,'producto','2025-11-26 19:10:54'),(407,18,94,'stock_critico','?????? Stock bajo: Test Product 1764137406744','Solo quedan 3 unidades',0,162,'producto','2025-11-26 19:10:54'),(408,18,76,'nuevo_pedido','Nuevo pedido PED-20251126-4047 (#53)','Cliente: Cypress User - Total: $5.000',0,53,'pedido','2025-11-26 19:11:23'),(409,18,77,'nuevo_pedido','Nuevo pedido PED-20251126-4047 (#53)','Cliente: Cypress User - Total: $5.000',0,53,'pedido','2025-11-26 19:11:23'),(410,18,90,'nuevo_pedido','Nuevo pedido PED-20251126-4047 (#53)','Cliente: Cypress User - Total: $5.000',0,53,'pedido','2025-11-26 19:11:23'),(411,18,92,'nuevo_pedido','Nuevo pedido PED-20251126-4047 (#53)','Cliente: Cypress User - Total: $5.000',0,53,'pedido','2025-11-26 19:11:23'),(412,18,94,'nuevo_pedido','Nuevo pedido PED-20251126-4047 (#53)','Cliente: Cypress User - Total: $5.000',0,53,'pedido','2025-11-26 19:11:23'),(413,18,76,'stock_critico','?????? Stock bajo: Test Product 1764137406744','Solo quedan 2 unidades',1,162,'producto','2025-11-26 19:11:23'),(414,18,77,'stock_critico','?????? Stock bajo: Test Product 1764137406744','Solo quedan 2 unidades',0,162,'producto','2025-11-26 19:11:23'),(415,18,90,'stock_critico','?????? Stock bajo: Test Product 1764137406744','Solo quedan 2 unidades',0,162,'producto','2025-11-26 19:11:23'),(416,18,92,'stock_critico','?????? Stock bajo: Test Product 1764137406744','Solo quedan 2 unidades',0,162,'producto','2025-11-26 19:11:23'),(417,18,94,'stock_critico','?????? Stock bajo: Test Product 1764137406744','Solo quedan 2 unidades',0,162,'producto','2025-11-26 19:11:23'),(418,18,76,'nuevo_pedido','Nuevo pedido PED-20251126-6120 (#54)','Cliente: Test - Total: $1.000',1,54,'pedido','2025-11-26 19:12:40'),(419,18,77,'nuevo_pedido','Nuevo pedido PED-20251126-6120 (#54)','Cliente: Test - Total: $1.000',0,54,'pedido','2025-11-26 19:12:40'),(420,18,90,'nuevo_pedido','Nuevo pedido PED-20251126-6120 (#54)','Cliente: Test - Total: $1.000',0,54,'pedido','2025-11-26 19:12:40'),(421,18,92,'nuevo_pedido','Nuevo pedido PED-20251126-6120 (#54)','Cliente: Test - Total: $1.000',0,54,'pedido','2025-11-26 19:12:40'),(422,18,94,'nuevo_pedido','Nuevo pedido PED-20251126-6120 (#54)','Cliente: Test - Total: $1.000',0,54,'pedido','2025-11-26 19:12:40'),(423,18,76,'nuevo_pedido','Nuevo pedido PED-20251127-2095 (#55)','Cliente: Test - Total: $1.000',1,55,'pedido','2025-11-27 06:40:50'),(424,18,77,'nuevo_pedido','Nuevo pedido PED-20251127-2095 (#55)','Cliente: Test - Total: $1.000',0,55,'pedido','2025-11-27 06:40:50'),(425,18,90,'nuevo_pedido','Nuevo pedido PED-20251127-2095 (#55)','Cliente: Test - Total: $1.000',0,55,'pedido','2025-11-27 06:40:50'),(426,18,92,'nuevo_pedido','Nuevo pedido PED-20251127-2095 (#55)','Cliente: Test - Total: $1.000',0,55,'pedido','2025-11-27 06:40:50'),(427,18,94,'nuevo_pedido','Nuevo pedido PED-20251127-2095 (#55)','Cliente: Test - Total: $1.000',0,55,'pedido','2025-11-27 06:40:50'),(428,18,76,'nuevo_pedido','Nuevo pedido PED-20251203-4697 (#56)','Cliente: Test - Total: $1.000',0,56,'pedido','2025-12-04 04:11:34'),(429,18,77,'nuevo_pedido','Nuevo pedido PED-20251203-4697 (#56)','Cliente: Test - Total: $1.000',0,56,'pedido','2025-12-04 04:11:34'),(430,18,90,'nuevo_pedido','Nuevo pedido PED-20251203-4697 (#56)','Cliente: Test - Total: $1.000',0,56,'pedido','2025-12-04 04:11:34'),(431,18,92,'nuevo_pedido','Nuevo pedido PED-20251203-4697 (#56)','Cliente: Test - Total: $1.000',0,56,'pedido','2025-12-04 04:11:34'),(432,18,94,'nuevo_pedido','Nuevo pedido PED-20251203-4697 (#56)','Cliente: Test - Total: $1.000',0,56,'pedido','2025-12-04 04:11:34'),(433,18,76,'nuevo_pedido','Nuevo pedido PED-20251203-1894 (#57)','Cliente: Cypress User - Total: $5.000',0,57,'pedido','2025-12-04 04:14:21'),(434,18,77,'nuevo_pedido','Nuevo pedido PED-20251203-1894 (#57)','Cliente: Cypress User - Total: $5.000',0,57,'pedido','2025-12-04 04:14:21'),(435,18,90,'nuevo_pedido','Nuevo pedido PED-20251203-1894 (#57)','Cliente: Cypress User - Total: $5.000',0,57,'pedido','2025-12-04 04:14:21'),(436,18,92,'nuevo_pedido','Nuevo pedido PED-20251203-1894 (#57)','Cliente: Cypress User - Total: $5.000',0,57,'pedido','2025-12-04 04:14:21'),(437,18,94,'nuevo_pedido','Nuevo pedido PED-20251203-1894 (#57)','Cliente: Cypress User - Total: $5.000',0,57,'pedido','2025-12-04 04:14:21'),(438,18,76,'stock_critico','?????? Stock bajo: Test Product 1764137406744','Solo quedan 1 unidades',1,162,'producto','2025-12-04 04:14:21'),(439,18,77,'stock_critico','?????? Stock bajo: Test Product 1764137406744','Solo quedan 1 unidades',0,162,'producto','2025-12-04 04:14:21'),(440,18,90,'stock_critico','?????? Stock bajo: Test Product 1764137406744','Solo quedan 1 unidades',0,162,'producto','2025-12-04 04:14:21'),(441,18,92,'stock_critico','?????? Stock bajo: Test Product 1764137406744','Solo quedan 1 unidades',0,162,'producto','2025-12-04 04:14:21'),(442,18,94,'stock_critico','?????? Stock bajo: Test Product 1764137406744','Solo quedan 1 unidades',0,162,'producto','2025-12-04 04:14:21'),(443,18,76,'nuevo_pedido','Nuevo pedido PED-20251203-9293 (#58)','Cliente: Cypress User - Total: $5.000',1,58,'pedido','2025-12-04 04:17:35'),(444,18,77,'nuevo_pedido','Nuevo pedido PED-20251203-9293 (#58)','Cliente: Cypress User - Total: $5.000',0,58,'pedido','2025-12-04 04:17:35'),(445,18,90,'nuevo_pedido','Nuevo pedido PED-20251203-9293 (#58)','Cliente: Cypress User - Total: $5.000',0,58,'pedido','2025-12-04 04:17:35'),(446,18,92,'nuevo_pedido','Nuevo pedido PED-20251203-9293 (#58)','Cliente: Cypress User - Total: $5.000',0,58,'pedido','2025-12-04 04:17:35'),(447,18,94,'nuevo_pedido','Nuevo pedido PED-20251203-9293 (#58)','Cliente: Cypress User - Total: $5.000',0,58,'pedido','2025-12-04 04:17:35'),(448,18,76,'stock_agotado','? Stock agotado: Test Product 1764137406744','El producto se ha quedado sin stock. Reponer urgente.',1,162,'producto','2025-12-04 04:17:35'),(449,18,77,'stock_agotado','? Stock agotado: Test Product 1764137406744','El producto se ha quedado sin stock. Reponer urgente.',0,162,'producto','2025-12-04 04:17:35'),(450,18,90,'stock_agotado','? Stock agotado: Test Product 1764137406744','El producto se ha quedado sin stock. Reponer urgente.',0,162,'producto','2025-12-04 04:17:35'),(451,18,92,'stock_agotado','? Stock agotado: Test Product 1764137406744','El producto se ha quedado sin stock. Reponer urgente.',0,162,'producto','2025-12-04 04:17:35'),(452,18,94,'stock_agotado','? Stock agotado: Test Product 1764137406744','El producto se ha quedado sin stock. Reponer urgente.',0,162,'producto','2025-12-04 04:17:35');
/*!40000 ALTER TABLE `notificaciones` ENABLE KEYS */;
UNLOCK TABLES;

--
-- Table structure for table `password_recovery_tokens`
--

DROP TABLE IF EXISTS `password_recovery_tokens`;
/*!40101 SET @saved_cs_client     = @@character_set_client */;
/*!50503 SET character_set_client = utf8mb4 */;
CREATE TABLE `password_recovery_tokens` (
  `id_token` int NOT NULL AUTO_INCREMENT,
  `id_usuario` int NOT NULL,
  `token` varchar(100) CHARACTER SET utf8mb4 COLLATE utf8mb4_unicode_ci NOT NULL,
  `expiry` datetime NOT NULL,
  `used` tinyint(1) DEFAULT '0',
  `created_at` timestamp NULL DEFAULT CURRENT_TIMESTAMP,
  PRIMARY KEY (`id_token`),
  UNIQUE KEY `token` (`token`),
  KEY `id_usuario` (`id_usuario`),
  KEY `idx_token` (`token`),
  KEY `idx_expiry` (`expiry`),
  CONSTRAINT `password_recovery_tokens_ibfk_1` FOREIGN KEY (`id_usuario`) REFERENCES `usuarios` (`id_usuario`) ON DELETE CASCADE
) ENGINE=InnoDB AUTO_INCREMENT=4 DEFAULT CHARSET=utf8mb4 COLLATE=utf8mb4_unicode_ci;
/*!40101 SET character_set_client = @saved_cs_client */;

--
-- Dumping data for table `password_recovery_tokens`
--

LOCK TABLES `password_recovery_tokens` WRITE;
/*!40000 ALTER TABLE `password_recovery_tokens` DISABLE KEYS */;
INSERT INTO `password_recovery_tokens` VALUES (1,2,'7e384d837fa7bd83ace339d8fa7e23f82b9e7b81b3efe2ef894cce6d05d6ebe5','2025-11-20 00:20:05',1,'2025-11-20 02:20:04'),(2,2,'2e3ff996be582a577a9a7ec547733b105ca270a971166a59a3c432aea527648a','2025-11-20 00:20:52',1,'2025-11-20 02:20:51'),(3,2,'37d1e2e3a3dd817f741ef3bc1c49bc5b659777c1ee0df9d9c70775e5475b3258','2025-11-20 00:36:07',1,'2025-11-20 02:36:07');
/*!40000 ALTER TABLE `password_recovery_tokens` ENABLE KEYS */;
UNLOCK TABLES;

--
-- Table structure for table `pedidos`
--

DROP TABLE IF EXISTS `pedidos`;
/*!40101 SET @saved_cs_client     = @@character_set_client */;
/*!50503 SET character_set_client = utf8mb4 */;
CREATE TABLE `pedidos` (
  `id_pedido` int NOT NULL AUTO_INCREMENT,
  `numero_pedido` varchar(50) CHARACTER SET utf8mb4 COLLATE utf8mb4_unicode_ci NOT NULL,
  `id_tenant` int NOT NULL,
  `id_cliente` int DEFAULT NULL,
  `id_usuario` int DEFAULT NULL,
  `fecha_pedido` datetime DEFAULT CURRENT_TIMESTAMP,
  `id_estado` int NOT NULL DEFAULT '1',
  `total` decimal(10,2) NOT NULL,
  `metodo_pago` varchar(50) CHARACTER SET utf8mb4 COLLATE utf8mb4_unicode_ci DEFAULT NULL,
  `notas` text CHARACTER SET utf8mb4 COLLATE utf8mb4_unicode_ci,
  `created_at` timestamp NULL DEFAULT CURRENT_TIMESTAMP,
  `updated_at` timestamp NULL DEFAULT CURRENT_TIMESTAMP ON UPDATE CURRENT_TIMESTAMP,
  PRIMARY KEY (`id_pedido`),
  UNIQUE KEY `numero_pedido` (`numero_pedido`),
  KEY `id_tenant` (`id_tenant`),
  KEY `id_cliente` (`id_cliente`),
  KEY `id_usuario` (`id_usuario`),
  KEY `id_estado` (`id_estado`),
  CONSTRAINT `pedidos_ibfk_1` FOREIGN KEY (`id_tenant`) REFERENCES `tenants` (`id_tenant`),
  CONSTRAINT `pedidos_ibfk_3` FOREIGN KEY (`id_usuario`) REFERENCES `usuarios` (`id_usuario`),
  CONSTRAINT `pedidos_ibfk_4` FOREIGN KEY (`id_estado`) REFERENCES `estados_pedido` (`id_estado`)
) ENGINE=InnoDB AUTO_INCREMENT=59 DEFAULT CHARSET=utf8mb4 COLLATE=utf8mb4_unicode_ci;
/*!40101 SET character_set_client = @saved_cs_client */;

--
-- Dumping data for table `pedidos`
--

LOCK TABLES `pedidos` WRITE;
/*!40000 ALTER TABLE `pedidos` DISABLE KEYS */;
INSERT INTO `pedidos` VALUES (10,'PED-20251125-4629',19,NULL,22,'2025-11-26 01:03:47',4,219980.00,'efectivo','asdfgh','2025-11-26 04:03:47','2025-11-26 04:05:18'),(13,'PED-20251125-3512',20,NULL,51,'2025-11-26 01:48:57',1,1449990.00,'efectivo','','2025-11-26 04:48:57','2025-11-26 04:48:57'),(14,'PED-20251126-4898',1,NULL,2,'2025-11-26 03:43:25',1,649990.00,'efectivo','Pedido de prueba generado por script','2025-11-26 06:43:25','2025-11-26 06:43:25'),(15,'PED-20251126-946',1,15,2,'2025-11-26 03:46:05',1,649990.00,'efectivo','Pedido de prueba generado por script','2025-11-26 06:46:05','2025-11-26 06:46:05'),(16,'PED-20251126-1405',1,15,2,'2025-11-26 03:47:42',1,649990.00,'efectivo','Pedido de prueba generado por script','2025-11-26 06:47:42','2025-11-26 06:47:42'),(17,'PED-20251126-1663',1,15,2,'2025-11-26 03:52:28',1,649990.00,'efectivo','Pedido de prueba generado por script','2025-11-26 06:52:28','2025-11-26 06:52:28'),(18,'PED-20251126-3269',1,15,2,'2025-11-26 03:52:32',1,649990.00,'efectivo','Pedido de prueba generado por script','2025-11-26 06:52:32','2025-11-26 06:52:32'),(19,'PED-20251126-4357',1,15,2,'2025-11-26 03:52:35',1,649990.00,'efectivo','Pedido de prueba generado por script','2025-11-26 06:52:35','2025-11-26 06:52:35'),(20,'PED-20251126-3265',1,15,2,'2025-11-26 03:54:12',1,649990.00,'efectivo','Pedido de prueba generado por script','2025-11-26 06:54:12','2025-11-26 06:54:12'),(21,'PED-20251126-813',1,15,2,'2025-11-26 03:54:23',1,649990.00,'efectivo','Pedido de prueba generado por script','2025-11-26 06:54:23','2025-11-26 06:54:23'),(22,'PED-20251126-8464',1,NULL,97,'2025-11-26 03:59:11',1,649990.00,'efectivo','Test order from admin via API','2025-11-26 06:59:11','2025-11-26 06:59:11'),(23,'PED-20251126-5557',18,NULL,78,'2025-11-26 03:59:49',1,25000.00,'efectivo','Pedido de prueba RF-3','2025-11-26 06:59:49','2025-11-26 06:59:49'),(24,'PED-20251126-9695',18,NULL,78,'2025-11-26 04:00:11',1,22000.00,'efectivo','Pedido de prueba RF-3','2025-11-26 07:00:11','2025-11-26 07:00:11'),(25,'PED-20251126-8142',18,NULL,78,'2025-11-26 04:01:03',1,22000.00,'efectivo','Pedido de prueba RF-3','2025-11-26 07:01:03','2025-11-26 07:01:03'),(26,'PED-20251126-5093',18,NULL,78,'2025-11-26 04:02:16',1,8500.00,'efectivo','Pedido de prueba RF-3','2025-11-26 07:02:16','2025-11-26 07:02:16'),(27,'PED-20251126-4200',18,NULL,106,'2025-11-26 04:14:14',1,1000.00,'efectivo','Test order from Jest','2025-11-26 07:14:14','2025-11-26 07:14:14'),(28,'PED-20251126-8146',18,NULL,111,'2025-11-26 04:17:47',1,1000.00,'efectivo','Test order from Jest','2025-11-26 07:17:47','2025-11-26 07:17:47'),(29,'PED-20251126-2687',18,NULL,113,'2025-11-26 04:26:14',1,1000.00,'efectivo','Test order from Jest','2025-11-26 07:26:14','2025-11-26 07:26:14'),(30,'PED-20251126-6318',18,NULL,128,'2025-11-26 05:06:52',1,22000.00,'efectivo','','2025-11-26 08:06:52','2025-11-26 08:06:52'),(31,'PED-20251126-9929',18,NULL,129,'2025-11-26 05:07:53',1,22000.00,'efectivo','','2025-11-26 08:07:53','2025-11-26 08:07:53'),(32,'PED-20251126-4165',18,NULL,130,'2025-11-26 05:14:44',1,22000.00,'efectivo','','2025-11-26 08:14:44','2025-11-26 08:14:44'),(33,'PED-20251126-8068',18,NULL,131,'2025-11-26 05:18:00',1,22000.00,'efectivo','','2025-11-26 08:18:00','2025-11-26 08:18:00'),(34,'PED-20251126-5227',18,NULL,133,'2025-11-26 05:52:25',1,1000.00,'efectivo','Test order from Jest','2025-11-26 08:52:25','2025-11-26 08:52:25'),(37,'PED-20251126-9680',18,NULL,144,'2025-11-26 06:08:49',1,5000.00,'efectivo','','2025-11-26 09:08:49','2025-11-26 09:08:49'),(39,'PED-20251126-5439',18,NULL,150,'2025-11-26 06:13:28',1,5000.00,'efectivo','','2025-11-26 09:13:28','2025-11-26 09:13:28'),(44,'PED-20251126-1551',18,NULL,172,'2025-11-26 06:25:31',1,5000.00,'efectivo','','2025-11-26 09:25:31','2025-11-26 09:25:31'),(45,'PED-20251126-0530',18,NULL,173,'2025-11-26 06:26:25',1,5000.00,'efectivo','','2025-11-26 09:26:25','2025-11-26 09:26:25'),(46,'PED-20251126-5719',18,NULL,174,'2025-11-26 06:29:39',1,5000.00,'efectivo','','2025-11-26 09:29:39','2025-11-26 09:29:39'),(49,'PED-20251126-1153',18,NULL,185,'2025-11-26 06:33:23',1,5000.00,'efectivo','','2025-11-26 09:33:23','2025-11-26 09:33:23'),(51,'PED-20251126-5913',20,NULL,44,'2025-11-26 16:06:03',1,5000.00,'efectivo','a','2025-11-26 19:06:03','2025-11-26 19:06:03'),(52,'PED-20251126-4391',18,NULL,191,'2025-11-26 16:10:54',1,5000.00,'efectivo','','2025-11-26 19:10:54','2025-11-26 19:10:54'),(53,'PED-20251126-4047',18,NULL,192,'2025-11-26 16:11:23',1,5000.00,'efectivo','','2025-11-26 19:11:23','2025-11-26 19:11:23'),(57,'PED-20251203-1894',18,NULL,208,'2025-12-04 01:14:21',1,5000.00,'efectivo','','2025-12-04 04:14:21','2025-12-04 04:14:21'),(58,'PED-20251203-9293',18,NULL,209,'2025-12-04 01:17:35',1,5000.00,'efectivo','','2025-12-04 04:17:35','2025-12-04 04:17:35');
/*!40000 ALTER TABLE `pedidos` ENABLE KEYS */;
UNLOCK TABLES;

--
-- Table structure for table `productos`
--

DROP TABLE IF EXISTS `productos`;
/*!40101 SET @saved_cs_client     = @@character_set_client */;
/*!50503 SET character_set_client = utf8mb4 */;
CREATE TABLE `productos` (
  `id_producto` int NOT NULL AUTO_INCREMENT,
  `id_tenant` int NOT NULL DEFAULT '1',
  `id_categoria` int DEFAULT NULL,
  `nombre` varchar(200) CHARACTER SET utf8mb4 COLLATE utf8mb4_unicode_ci NOT NULL,
  `descripcion` text CHARACTER SET utf8mb4 COLLATE utf8mb4_unicode_ci,
  `precio` decimal(10,2) NOT NULL,
  `stock` int NOT NULL DEFAULT '0',
  `imagen` varchar(500) CHARACTER SET utf8mb4 COLLATE utf8mb4_unicode_ci DEFAULT NULL,
  `activo` tinyint(1) DEFAULT '1',
  `created_at` timestamp NULL DEFAULT CURRENT_TIMESTAMP,
  `updated_at` timestamp NULL DEFAULT CURRENT_TIMESTAMP ON UPDATE CURRENT_TIMESTAMP,
  PRIMARY KEY (`id_producto`),
  KEY `id_categoria` (`id_categoria`),
  KEY `id_tenant` (`id_tenant`),
  CONSTRAINT `productos_ibfk_1` FOREIGN KEY (`id_categoria`) REFERENCES `categorias` (`id_categoria`),
  CONSTRAINT `productos_ibfk_2` FOREIGN KEY (`id_tenant`) REFERENCES `tenants` (`id_tenant`)
) ENGINE=InnoDB AUTO_INCREMENT=196 DEFAULT CHARSET=utf8mb4 COLLATE=utf8mb4_unicode_ci;
/*!40101 SET character_set_client = @saved_cs_client */;

--
-- Dumping data for table `productos`
--

LOCK TABLES `productos` WRITE;
/*!40000 ALTER TABLE `productos` DISABLE KEYS */;
INSERT INTO `productos` VALUES (104,19,105,'Vestido C??ctel Negro','Vestido negro elegante para ocasiones especiales',89990.00,8,'https://images.unsplash.com/photo-1539008835657-9e8e9680c956?w=500',1,'2025-11-25 19:45:29','2025-11-26 04:25:12'),(105,19,105,'Blazer Italiano Beige','Blazer de corte italiano en lino beige',129990.00,7,'https://images.unsplash.com/photo-1591369822096-ffd140ec948f?w=500',1,'2025-11-25 19:45:29','2025-11-26 04:03:47'),(106,19,105,'Blusa Seda Francesa','Blusa de seda 100% natural importada',59990.00,15,'https://images.unsplash.com/photo-1583496661160-fb5886a0aaaa?w=500',1,'2025-11-25 19:45:29','2025-11-25 19:45:29'),(107,19,105,'Falda Plisada Midi','Falda midi plisada en colores pastel',45990.00,20,'https://images.unsplash.com/photo-1583496661160-fb5886a0aaaa?w=500',1,'2025-11-25 19:45:29','2025-11-25 19:45:29'),(108,19,105,'Pantal??n Palazzo Lino','Pantal??n palazzo en lino natural',54990.00,12,'https://images.unsplash.com/photo-1594633312681-425c7b97ccd1?w=500',1,'2025-11-25 19:45:29','2025-11-25 19:45:29'),(109,19,105,'Stilettos Charol','Zapatos de tac??n alto en charol',69990.00,15,'https://images.unsplash.com/photo-1543163521-1bf539c55dd2?w=500',1,'2025-11-25 19:45:29','2025-11-25 19:45:29'),(110,19,105,'Bolso Cuero Italiano','Bolso de mano en cuero italiano genuino',149990.00,8,'https://images.unsplash.com/photo-1548036328-c9fa89d128fa?w=500',1,'2025-11-25 19:45:29','2025-11-25 19:45:29'),(111,3,107,'Arroz Premium 1kg','Arroz grano largo extra premium',1590.00,100,'https://images.unsplash.com/photo-1586201375761-83865001e31c?w=500',1,'2025-11-25 19:45:30','2025-11-25 19:45:30'),(112,3,107,'Aceite de Oliva Extra Virgen','Aceite de oliva prensado en fr??o',8990.00,50,'https://images.unsplash.com/photo-1474979266404-7eaacbcd87c5?w=500',1,'2025-11-25 19:45:30','2025-11-25 19:45:30'),(113,3,107,'Pasta Italiana 500g','Pasta spaghetti italiana aut??ntica',2490.00,80,'https://images.unsplash.com/photo-1551462147-ff29053bfc14?w=500',1,'2025-11-25 19:45:30','2025-11-25 19:45:30'),(114,3,107,'Leche Entera 1L','Leche entera ultra pasteurizada',1290.00,60,'https://images.unsplash.com/photo-1550583724-b2692b85b150?w=500',1,'2025-11-25 19:45:30','2025-11-25 19:45:30'),(115,3,107,'Harina de Trigo 1kg','Harina de trigo todo uso',990.00,90,'https://images.unsplash.com/photo-1574323347407-f5e1ad6d020b?w=500',1,'2025-11-25 19:45:30','2025-11-25 19:45:30'),(116,1,115,'Laptop HP Pavilion 15','Laptop HP 15.6\" Intel Core i5, 8GB RAM, 256GB SSD',649990.00,14,'https://images.unsplash.com/photo-1496181133206-80ce9b88a853?w=500',1,'2025-11-25 19:45:30','2025-11-26 06:59:11'),(117,1,115,'Mouse Logitech MX Master 3S','Mouse ergon??mico inal??mbrico de alta precisi??n',89990.00,50,'https://images.unsplash.com/photo-1527814050087-3793815479db?w=500',1,'2025-11-25 19:45:30','2025-11-25 19:45:30'),(118,1,115,'Teclado Mec??nico RGB','Teclado mec??nico con switches Cherry MX e iluminaci??n RGB',119990.00,30,'https://images.unsplash.com/photo-1595225476474-87563907a212?w=500',1,'2025-11-25 19:45:30','2025-11-25 19:45:30'),(119,1,115,'Monitor Samsung 27\" 4K','Monitor 4K UHD 27 pulgadas con HDR',349990.00,20,'https://images.unsplash.com/photo-1527443224154-c4a3942d3acf?w=500',1,'2025-11-25 19:45:30','2025-11-25 19:45:30'),(120,1,115,'Webcam Logitech C920 HD Pro','Webcam Full HD 1080p con micr??fono dual',79990.00,25,'https://images.unsplash.com/photo-1587826080692-f439cd0b70da?w=500',1,'2025-11-25 19:45:30','2025-11-25 19:45:30'),(121,20,116,'iPhone 15 Pro Max','iPhone 15 Pro Max 256GB Titanio Natural',1449990.00,8,'https://images.unsplash.com/photo-1592286927505-38c7c1d75cbf?w=500',1,'2025-11-25 19:45:30','2025-11-26 05:55:50'),(122,20,117,'MacBook Pro 14\" M3','MacBook Pro 14\" con chip M3 Pro, 18GB RAM, 512GB SSD',2299990.00,3,'https://images.unsplash.com/photo-1517336714731-489689fd1ca8?w=500',1,'2025-11-25 19:45:30','2025-11-26 05:56:00'),(123,20,118,'iPad Air M2','iPad Air 11\" con chip M2, 128GB',699990.00,10,'https://images.unsplash.com/photo-1544244015-0df4b3ffc6b0?w=500',1,'2025-11-25 19:45:30','2025-11-26 05:55:42'),(124,20,119,'AirPods Pro 2','AirPods Pro 2da generaci??n con USB-C',279990.00,20,'https://images.unsplash.com/photo-1606841837239-c5a1a4a07af7?w=500',1,'2025-11-25 19:45:30','2025-11-26 05:54:15'),(125,20,120,'Apple Watch Ultra 2','Apple Watch Ultra 2 con GPS + Cellular',899990.00,6,'https://images.unsplash.com/photo-1434494878577-86c23bcb06b9?w=500',1,'2025-11-25 19:45:30','2025-11-26 05:55:26'),(126,20,121,'PlayStation 5 Slim','PS5 Slim Digital Edition 1TB',549990.00,10,'https://images.unsplash.com/photo-1606144042614-b2417e99c4e3?w=500',1,'2025-11-25 19:45:30','2025-11-26 05:56:10'),(127,20,121,'Xbox Series X','Xbox Series X 1TB',549990.00,8,'https://images.unsplash.com/photo-1621259182978-fbf93132d53d?w=500',1,'2025-11-25 19:45:30','2025-11-26 05:56:34'),(128,20,121,'Nintendo Switch OLED','Nintendo Switch modelo OLED',349990.00,15,'https://images.unsplash.com/photo-1578303512597-81e6cc155b3e?w=500',1,'2025-11-25 19:45:30','2025-11-26 05:56:05'),(129,20,116,'Samsung Galaxy S24 Ultra','Samsung Galaxy S24 Ultra 256GB',1299990.00,10,'https://images.unsplash.com/photo-1610945415295-d9bbf067e59c?w=500',1,'2025-11-25 19:45:30','2025-11-26 05:56:14'),(130,20,119,'Sony WH-1000XM5','Aud??fonos inal??mbricos con cancelaci??n de ruido',399990.00,14,'https://images.unsplash.com/photo-1618366712010-f4ae9c647dcb?w=500',1,'2025-11-25 19:45:30','2025-11-26 05:56:24'),(131,4,126,'TV Samsung QLED 55\"','Smart TV QLED 4K 55 pulgadas',899990.00,10,'https://images.unsplash.com/photo-1593359677879-a4bb92f829d1?w=500',1,'2025-11-25 19:45:30','2025-11-25 19:45:30'),(132,4,126,'Refrigerador LG Side by Side','Refrigerador 28 pies c??bicos con dispensador',1299990.00,5,'https://images.unsplash.com/photo-1571175443880-49e1d25b2bc5?w=500',1,'2025-11-25 19:45:30','2025-11-25 19:45:30'),(133,4,126,'Lavadora Samsung 18kg','Lavadora autom??tica carga frontal',599990.00,8,'https://images.unsplash.com/photo-1626806787461-102c1bfaaea1?w=500',1,'2025-11-25 19:45:30','2025-11-25 19:45:30'),(134,4,126,'Microondas Panasonic Inverter','Microondas con tecnolog??a inverter 1.2 cu ft',149990.00,15,'https://images.unsplash.com/photo-1585659722983-3a675dabf23d?w=500',1,'2025-11-25 19:45:30','2025-11-25 19:45:30'),(135,4,126,'Licuadora Oster Pro 1200','Licuadora profesional 1200W',89990.00,20,'https://images.unsplash.com/photo-1585515320310-259814833e62?w=500',1,'2025-11-25 19:45:30','2025-11-25 19:45:30'),(136,18,134,'Torta Tres Leches','Deliciosa torta tres leches con cobertura de merengue',25000.00,0,'https://images.unsplash.com/photo-1578985545062-69928b1d9587?w=500',1,'2025-11-25 19:45:30','2025-11-26 06:59:49'),(137,18,134,'Torta de Chocolate','Torta de chocolate con ganache y decoraci??n elegante',22000.00,0,'https://images.unsplash.com/photo-1606313564200-e75d5e30476c?w=500',1,'2025-11-25 19:45:30','2025-11-26 09:32:52'),(138,18,134,'Cupcakes Variados x6','Set de 6 cupcakes con diferentes sabores y decoraciones',8500.00,11,'https://images.unsplash.com/photo-1599785209707-a456fc1337bb?w=500',1,'2025-11-25 19:45:30','2025-12-04 04:11:34'),(139,18,134,'Galletas Decoradas x12','Docena de galletas artesanales decoradas',7500.00,30,'https://images.unsplash.com/photo-1499636136210-6f4ee915583e?w=500',1,'2025-11-25 19:45:30','2025-11-25 19:45:30'),(140,18,134,'Pie de Lim??n','Pie de lim??n con merengue italiano',12000.00,12,'https://images.unsplash.com/photo-1535920527002-b35e96722eb9?w=500',1,'2025-11-25 19:45:30','2025-11-26 08:02:36'),(141,18,134,'Brownies x6','Brownies de chocolate con nueces',6500.00,25,'https://images.unsplash.com/photo-1607920591413-4ec007e70023?w=500',1,'2025-11-25 19:45:30','2025-11-25 19:45:30'),(142,18,134,'Cheesecake de Frutos Rojos','Cheesecake cremoso con salsa de frutos rojos',18000.00,4,'https://images.unsplash.com/photo-1524351199678-941a58a3df50?w=500',1,'2025-11-25 19:45:30','2025-11-25 19:45:30'),(143,18,134,'Macarons Franceses x12','Set de 12 macarons en sabores variados',15000.00,15,'https://images.unsplash.com/photo-1569864358642-9d1684040f43?w=500',1,'2025-11-25 19:45:30','2025-11-25 19:45:30'),(144,2,139,'Camisa Polo Lacoste','Camisa polo cl??sica de algod??n',49990.00,30,'https://images.unsplash.com/photo-1586363104862-3a5e2ab60d99?w=500',1,'2025-11-25 19:45:30','2025-11-25 19:45:30'),(145,2,139,'Jeans Levi\'s 501','Pantal??n jeans corte cl??sico',69990.00,25,'https://images.unsplash.com/photo-1542272604-787c3835535d?w=500',1,'2025-11-25 19:45:30','2025-11-25 19:45:30'),(146,2,139,'Nike Air Max','Zapatillas deportivas Air Max',119990.00,20,'https://images.unsplash.com/photo-1542291026-7eec264c27ff?w=500',1,'2025-11-25 19:45:30','2025-11-25 19:45:30'),(147,18,140,'Torta de Zanahoria','Torta casera de zanahoria con nueces',22000.00,4,NULL,1,'2025-11-26 08:02:36','2025-11-26 08:18:00'),(148,18,140,'Torta Red Velvet','Cl??sica torta roja con glaseado de queso crema',28000.00,5,NULL,1,'2025-11-26 08:02:36','2025-11-26 08:02:36'),(149,18,141,'Cheesecake de Frutilla','Cheesecake estilo New York con salsa de frutilla',18000.00,10,NULL,1,'2025-11-26 08:02:36','2025-11-26 08:02:36'),(150,18,141,'Kuchen de Manzana','Kuchen tradicional de manzana y canela',12000.00,15,NULL,1,'2025-11-26 08:02:36','2025-11-26 08:02:36'),(151,18,134,'Caf?? Grano','Caf?? de grano reci??n molido',2500.00,100,NULL,1,'2025-11-26 08:02:36','2025-11-26 08:02:36'),(152,18,134,'T?? Premium','Selecci??n de t??s premium',2000.00,100,NULL,1,'2025-11-26 08:02:36','2025-11-26 08:02:36'),(153,19,142,'Vestido Elegante Negro','Vestido largo de noche, perfecto para eventos especiales',89990.00,15,NULL,1,'2025-11-26 08:02:36','2025-11-26 08:02:36'),(154,19,142,'Blusa de Seda Blanca','Blusa elegante de seda 100%, ideal para oficina',45990.00,25,NULL,1,'2025-11-26 08:02:36','2025-11-26 08:02:36'),(155,19,105,'Bolso de Cuero Premium','Bolso de mano en cuero genuino, varios colores',129990.00,10,NULL,1,'2025-11-26 08:02:36','2025-11-26 08:02:36'),(159,18,134,'Test Product 1764137154105','Test product description',5000.00,10,NULL,1,'2025-11-26 09:05:54','2025-11-26 09:05:54'),(160,18,134,'Test Product 1764137189198','Test product description',5000.00,9,NULL,1,'2025-11-26 09:06:29','2025-11-26 09:08:49'),(162,18,134,'Test Product 1764137406744','Test product description',5000.00,0,NULL,1,'2025-11-26 09:10:07','2025-12-04 04:17:35'),(191,18,134,'Torta RF-12 Test','Producto de prueba para demostrar sistema de auditor??a en tiempo real',5000.00,8,NULL,1,'2025-12-04 13:25:40','2025-12-04 13:25:40'),(195,18,141,'Pastel de Fresa','Pastel de fresa casero para 12 personas.',18000.00,25,NULL,1,'2025-12-04 15:08:27','2025-12-04 15:08:27');
/*!40000 ALTER TABLE `productos` ENABLE KEYS */;
UNLOCK TABLES;

--
-- Table structure for table `roles`
--

DROP TABLE IF EXISTS `roles`;
/*!40101 SET @saved_cs_client     = @@character_set_client */;
/*!50503 SET character_set_client = utf8mb4 */;
CREATE TABLE `roles` (
  `id_rol` int NOT NULL AUTO_INCREMENT,
  `nombre_rol` varchar(50) CHARACTER SET utf8mb4 COLLATE utf8mb4_unicode_ci NOT NULL,
  `descripcion` text CHARACTER SET utf8mb4 COLLATE utf8mb4_unicode_ci,
  `created_at` timestamp NULL DEFAULT CURRENT_TIMESTAMP,
  PRIMARY KEY (`id_rol`),
  UNIQUE KEY `nombre_rol` (`nombre_rol`)
) ENGINE=InnoDB AUTO_INCREMENT=4 DEFAULT CHARSET=utf8mb4 COLLATE=utf8mb4_unicode_ci;
/*!40101 SET character_set_client = @saved_cs_client */;

--
-- Dumping data for table `roles`
--

LOCK TABLES `roles` WRITE;
/*!40000 ALTER TABLE `roles` DISABLE KEYS */;
INSERT INTO `roles` VALUES (1,'Admin','Administrador con acceso total','2025-11-25 18:53:15'),(2,'Empleado','Empleado con acceso limitado','2025-11-25 18:53:15'),(3,'Cliente','Cliente de la tienda','2025-11-25 18:53:15');
/*!40000 ALTER TABLE `roles` ENABLE KEYS */;
UNLOCK TABLES;

--
-- Table structure for table `sesiones`
--

DROP TABLE IF EXISTS `sesiones`;
/*!40101 SET @saved_cs_client     = @@character_set_client */;
/*!50503 SET character_set_client = utf8mb4 */;
CREATE TABLE `sesiones` (
  `id_sesion` varchar(255) COLLATE utf8mb4_unicode_ci NOT NULL,
  `id_usuario` int NOT NULL,
  `id_tenant` int NOT NULL,
  `token` text COLLATE utf8mb4_unicode_ci NOT NULL,
  `ip_address` varchar(45) COLLATE utf8mb4_unicode_ci DEFAULT NULL,
  `user_agent` text COLLATE utf8mb4_unicode_ci,
  `ultima_actividad` timestamp NULL DEFAULT CURRENT_TIMESTAMP ON UPDATE CURRENT_TIMESTAMP,
  `expira_en` datetime NOT NULL,
  `created_at` timestamp NULL DEFAULT CURRENT_TIMESTAMP,
  PRIMARY KEY (`id_sesion`),
  KEY `idx_usuario` (`id_usuario`),
  KEY `idx_tenant` (`id_tenant`),
  KEY `idx_expira` (`expira_en`),
  CONSTRAINT `sesiones_ibfk_1` FOREIGN KEY (`id_usuario`) REFERENCES `usuarios` (`id_usuario`) ON DELETE CASCADE,
  CONSTRAINT `sesiones_ibfk_2` FOREIGN KEY (`id_tenant`) REFERENCES `tenants` (`id_tenant`) ON DELETE CASCADE
) ENGINE=InnoDB DEFAULT CHARSET=utf8mb4 COLLATE=utf8mb4_unicode_ci;
/*!40101 SET character_set_client = @saved_cs_client */;

--
-- Dumping data for table `sesiones`
--

LOCK TABLES `sesiones` WRITE;
/*!40000 ALTER TABLE `sesiones` DISABLE KEYS */;
/*!40000 ALTER TABLE `sesiones` ENABLE KEYS */;
UNLOCK TABLES;

--
-- Table structure for table `settings`
--

DROP TABLE IF EXISTS `settings`;
/*!40101 SET @saved_cs_client     = @@character_set_client */;
/*!50503 SET character_set_client = utf8mb4 */;
CREATE TABLE `settings` (
  `id` int NOT NULL AUTO_INCREMENT,
  `id_tenant` int NOT NULL,
  `setting_key` varchar(100) CHARACTER SET utf8mb4 COLLATE utf8mb4_unicode_ci NOT NULL,
  `setting_value` text CHARACTER SET utf8mb4 COLLATE utf8mb4_unicode_ci,
  `description` varchar(255) CHARACTER SET utf8mb4 COLLATE utf8mb4_unicode_ci DEFAULT NULL,
  `created_at` timestamp NULL DEFAULT CURRENT_TIMESTAMP,
  `updated_at` timestamp NULL DEFAULT CURRENT_TIMESTAMP ON UPDATE CURRENT_TIMESTAMP,
  PRIMARY KEY (`id`),
  UNIQUE KEY `unique_tenant_setting` (`id_tenant`,`setting_key`),
  KEY `idx_tenant_settings` (`id_tenant`),
  CONSTRAINT `fk_settings_tenant` FOREIGN KEY (`id_tenant`) REFERENCES `tenants` (`id_tenant`) ON DELETE CASCADE
) ENGINE=InnoDB AUTO_INCREMENT=64 DEFAULT CHARSET=utf8mb4 COLLATE=utf8mb4_unicode_ci;
/*!40101 SET character_set_client = @saved_cs_client */;

--
-- Dumping data for table `settings`
--

LOCK TABLES `settings` WRITE;
/*!40000 ALTER TABLE `settings` DISABLE KEYS */;
INSERT INTO `settings` VALUES (1,1,'company_name','Mi Empresa','Nombre de la empresa','2025-11-18 05:13:42','2025-11-20 17:59:03'),(2,1,'theme_color','#007bff','Color principal del tema','2025-11-18 05:13:42','2025-11-20 17:59:03'),(3,1,'footer_text','Powered by SmartPYME','Texto del pie de p??gina','2025-11-18 05:13:42','2025-11-20 17:59:03'),(4,1,'company_phone','','Tel??fono de la empresa','2025-11-18 05:13:42','2025-11-20 17:59:03'),(5,1,'company_email','','Email de la empresa','2025-11-18 05:13:42','2025-11-20 17:59:03'),(6,1,'company_address','','Direcci??n de la empresa','2025-11-18 05:13:42','2025-11-20 17:59:03'),(7,1,'delivery_enabled','true','Habilitar delivery','2025-11-18 05:13:42','2025-11-20 17:59:03'),(8,1,'pickup_enabled','true','Habilitar retiro en tienda','2025-11-18 05:13:42','2025-11-20 17:59:03'),(9,1,'min_order_amount','0','Monto m??nimo de pedido','2025-11-18 05:13:42','2025-11-20 17:59:03'),(40,18,'company_name','TechStore B??sico','Nombre de la empresa','2025-11-24 18:48:01','2025-11-24 18:48:01'),(41,18,'theme_color','#007bff','Color principal del tema','2025-11-24 18:48:01','2025-11-24 18:48:01'),(42,18,'company_email','contacto@techstore-basico.com','Email de la empresa','2025-11-24 18:48:01','2025-11-24 18:48:01'),(43,18,'company_phone','+58 412 1111111','Tel??fono de la empresa','2025-11-24 18:48:01','2025-11-24 18:48:01'),(44,18,'company_address','Av. Principal, Caracas','Direcci??n de la empresa','2025-11-24 18:48:01','2025-11-24 18:48:01'),(45,18,'delivery_enabled','true','Habilitar delivery','2025-11-24 18:48:01','2025-11-24 18:48:01'),(46,18,'pickup_enabled','true','Habilitar retiro en tienda','2025-11-24 18:48:01','2025-11-24 18:48:01'),(47,18,'min_order_amount','0','Monto m??nimo de pedido','2025-11-24 18:48:01','2025-11-24 18:48:01'),(48,19,'company_name','Fashion Store Pro','Nombre de la empresa','2025-11-24 18:48:04','2025-11-24 18:48:04'),(49,19,'theme_color','#007bff','Color principal del tema','2025-11-24 18:48:04','2025-11-24 18:48:04'),(50,19,'company_email','info@fashionstore-pro.com','Email de la empresa','2025-11-24 18:48:04','2025-11-24 18:48:04'),(51,19,'company_phone','+58 412 2222222','Tel??fono de la empresa','2025-11-24 18:48:04','2025-11-24 18:48:04'),(52,19,'company_address','Centro Comercial Miranda, Valencia','Direcci??n de la empresa','2025-11-24 18:48:04','2025-11-24 18:48:04'),(53,19,'delivery_enabled','true','Habilitar delivery','2025-11-24 18:48:04','2025-11-24 18:48:04'),(54,19,'pickup_enabled','true','Habilitar retiro en tienda','2025-11-24 18:48:04','2025-11-24 18:48:04'),(55,19,'min_order_amount','0','Monto m??nimo de pedido','2025-11-24 18:48:04','2025-11-24 18:48:04'),(56,20,'company_name','MegaMarket Empresarial','Nombre de la empresa','2025-11-24 18:48:07','2025-11-24 18:48:07'),(57,20,'theme_color','#007bff','Color principal del tema','2025-11-24 18:48:07','2025-11-24 18:48:07'),(58,20,'company_email','ventas@megamarket-corp.com','Email de la empresa','2025-11-24 18:48:07','2025-11-24 18:48:07'),(59,20,'company_phone','+58 412 3333333','Tel??fono de la empresa','2025-11-24 18:48:07','2025-11-24 18:48:07'),(60,20,'company_address','Zona Industrial, Maracay','Direcci??n de la empresa','2025-11-24 18:48:07','2025-11-24 18:48:07'),(61,20,'delivery_enabled','true','Habilitar delivery','2025-11-24 18:48:07','2025-11-24 18:48:07'),(62,20,'pickup_enabled','true','Habilitar retiro en tienda','2025-11-24 18:48:07','2025-11-24 18:48:07'),(63,20,'min_order_amount','0','Monto m??nimo de pedido','2025-11-24 18:48:07','2025-11-24 18:48:07');
/*!40000 ALTER TABLE `settings` ENABLE KEYS */;
UNLOCK TABLES;

--
-- Table structure for table `tenants`
--

DROP TABLE IF EXISTS `tenants`;
/*!40101 SET @saved_cs_client     = @@character_set_client */;
/*!50503 SET character_set_client = utf8mb4 */;
CREATE TABLE `tenants` (
  `id_tenant` int NOT NULL AUTO_INCREMENT,
  `nombre_empresa` varchar(200) NOT NULL,
  `slug` varchar(100) NOT NULL,
  `email_empresa` varchar(100) NOT NULL,
  `telefono_empresa` varchar(20) DEFAULT NULL,
  `direccion_empresa` text,
  `descripcion` text,
  `whatsapp` varchar(20) DEFAULT NULL,
  `instagram` varchar(100) DEFAULT NULL,
  `facebook` varchar(100) DEFAULT NULL,
  `logo` varchar(500) DEFAULT NULL,
  `plan` varchar(50) DEFAULT 'basico',
  `activo` tinyint(1) DEFAULT '1',
  `fecha_inicio` date NOT NULL DEFAULT (curdate()),
  `fecha_fin` date DEFAULT NULL,
  `max_usuarios` int DEFAULT '5',
  `max_productos` int DEFAULT '100',
  `configuracion` json DEFAULT NULL,
  `created_at` timestamp NULL DEFAULT CURRENT_TIMESTAMP,
  `updated_at` timestamp NULL DEFAULT CURRENT_TIMESTAMP ON UPDATE CURRENT_TIMESTAMP,
  PRIMARY KEY (`id_tenant`),
  UNIQUE KEY `slug` (`slug`),
  KEY `idx_slug` (`slug`),
  KEY `idx_activo` (`activo`)
) ENGINE=InnoDB AUTO_INCREMENT=21 DEFAULT CHARSET=utf8mb4 COLLATE=utf8mb4_0900_ai_ci;
/*!40101 SET character_set_client = @saved_cs_client */;

--
-- Dumping data for table `tenants`
--

LOCK TABLES `tenants` WRITE;
/*!40000 ALTER TABLE `tenants` DISABLE KEYS */;
INSERT INTO `tenants` VALUES (1,'Empresa Demo','demo','admin@demo.com',NULL,NULL,NULL,NULL,NULL,NULL,NULL,'profesional',1,'2025-11-20',NULL,50,1000,NULL,'2025-11-20 18:00:20','2025-11-20 18:00:20'),(2,'Tienda ABC','tienda-abc','contacto@tienda-abc.com',NULL,NULL,NULL,NULL,NULL,NULL,NULL,'profesional',1,'2025-11-20',NULL,50,1000,NULL,'2025-11-20 19:08:53','2025-11-20 19:08:53'),(3,'Comercial XYZ','comercial-xyz','contacto@comercial-xyz.com',NULL,NULL,NULL,NULL,NULL,NULL,NULL,'basico',1,'2025-11-20',NULL,10,100,NULL,'2025-11-20 19:15:22','2025-11-20 19:15:22'),(4,'Megatienda 2000','megatienda-2000','contacto@megatienda.com',NULL,NULL,NULL,NULL,NULL,NULL,NULL,'empresarial',1,'2025-11-20',NULL,100,5000,NULL,'2025-11-20 19:15:53','2025-11-20 19:15:53'),(18,'Pastelería Dulce Sabor','pasteleria-dulce-sabor','contacto@dulcesabor.com',NULL,NULL,NULL,NULL,NULL,NULL,NULL,'basico',1,'2025-11-24',NULL,5,100,NULL,'2025-11-24 18:48:01','2025-12-06 00:07:40'),(19,'Boutique Fashion Elite','boutique-fashion-elite','ventas@fashionelite.com','+1-555-FASHION','Centro Comercial Miranda, Valencia',NULL,NULL,NULL,NULL,NULL,'profesional',1,'2025-11-24',NULL,20,500,NULL,'2025-11-24 18:48:04','2025-11-24 21:14:51'),(20,'ElectroTech Premium Store','electrotech-premium','info@electrotechpremium.com',NULL,NULL,NULL,NULL,NULL,NULL,NULL,'empresarial',1,'2025-11-24',NULL,100,5000,NULL,'2025-11-24 18:48:07','2025-11-25 05:16:00');
/*!40000 ALTER TABLE `tenants` ENABLE KEYS */;
UNLOCK TABLES;

--
-- Table structure for table `usuarios`
--

DROP TABLE IF EXISTS `usuarios`;
/*!40101 SET @saved_cs_client     = @@character_set_client */;
/*!50503 SET character_set_client = utf8mb4 */;
CREATE TABLE `usuarios` (
  `id_usuario` int NOT NULL AUTO_INCREMENT,
  `id_tenant` int NOT NULL DEFAULT '1',
  `id_rol` int NOT NULL,
  `nombre` varchar(100) CHARACTER SET utf8mb4 COLLATE utf8mb4_unicode_ci NOT NULL,
  `apellido` varchar(100) CHARACTER SET utf8mb4 COLLATE utf8mb4_unicode_ci NOT NULL,
  `email` varchar(100) CHARACTER SET utf8mb4 COLLATE utf8mb4_unicode_ci NOT NULL,
  `password` varchar(255) CHARACTER SET utf8mb4 COLLATE utf8mb4_unicode_ci NOT NULL,
  `telefono` varchar(20) CHARACTER SET utf8mb4 COLLATE utf8mb4_unicode_ci DEFAULT NULL,
  `direccion` text CHARACTER SET utf8mb4 COLLATE utf8mb4_unicode_ci,
  `activo` tinyint(1) DEFAULT '1',
  `created_at` timestamp NULL DEFAULT CURRENT_TIMESTAMP,
  `updated_at` timestamp NULL DEFAULT CURRENT_TIMESTAMP ON UPDATE CURRENT_TIMESTAMP,
  PRIMARY KEY (`id_usuario`),
  UNIQUE KEY `email` (`email`),
  KEY `id_rol` (`id_rol`),
  KEY `id_tenant` (`id_tenant`),
  CONSTRAINT `usuarios_ibfk_1` FOREIGN KEY (`id_rol`) REFERENCES `roles` (`id_rol`),
  CONSTRAINT `usuarios_ibfk_2` FOREIGN KEY (`id_tenant`) REFERENCES `tenants` (`id_tenant`)
) ENGINE=InnoDB AUTO_INCREMENT=210 DEFAULT CHARSET=utf8mb4 COLLATE=utf8mb4_unicode_ci;
/*!40101 SET character_set_client = @saved_cs_client */;

--
-- Dumping data for table `usuarios`
--

LOCK TABLES `usuarios` WRITE;
/*!40000 ALTER TABLE `usuarios` DISABLE KEYS */;
INSERT INTO `usuarios` VALUES (2,1,1,'Admin','Sistema','admin@smartpyme.com','$2a$10$Mur/hdg.sp15qVo8eG6DGuX8tmJjpVjYthNG/Zu4ztoCl1/WQZ4cy',NULL,NULL,1,'2025-11-25 18:53:15','2025-11-25 20:46:58'),(22,19,1,'Admin','boutique-fashion-elite','admin@boutique-fashion-elite.com','$2a$10$Mur/hdg.sp15qVo8eG6DGuX8tmJjpVjYthNG/Zu4ztoCl1/WQZ4cy',NULL,NULL,1,'2025-11-25 19:29:04','2025-11-25 20:46:58'),(23,19,2,'Empleado1','boutique-fashion-elite','empleado1@boutique-fashion-elite.com','$2a$10$Mur/hdg.sp15qVo8eG6DGuX8tmJjpVjYthNG/Zu4ztoCl1/WQZ4cy',NULL,NULL,1,'2025-11-25 19:29:04','2025-11-25 20:46:58'),(24,19,2,'Empleado2','boutique-fashion-elite','empleado2@boutique-fashion-elite.com','$2a$10$Mur/hdg.sp15qVo8eG6DGuX8tmJjpVjYthNG/Zu4ztoCl1/WQZ4cy',NULL,NULL,1,'2025-11-25 19:29:04','2025-11-25 20:46:58'),(25,19,2,'Empleado3','boutique-fashion-elite','empleado3@boutique-fashion-elite.com','$2a$10$Mur/hdg.sp15qVo8eG6DGuX8tmJjpVjYthNG/Zu4ztoCl1/WQZ4cy',NULL,NULL,1,'2025-11-25 19:29:04','2025-11-25 20:46:58'),(26,19,3,'Cliente1','boutique-fashion-elite','cliente1@boutique-fashion-elite.com','$2a$10$Ux9tFcYwcCOd9iHWMud2t.TkzdE7TE0qDBPKZ/pJeoNJj2AU54ode','+58-412-1000001','Direcci??n 1, Boutique Fashion Elite',1,'2025-11-25 19:29:04','2025-11-25 20:46:58'),(27,19,3,'Cliente2','boutique-fashion-elite','cliente2@boutique-fashion-elite.com','$2a$10$Ux9tFcYwcCOd9iHWMud2t.TkzdE7TE0qDBPKZ/pJeoNJj2AU54ode','+58-412-1000002','Direcci??n 2, Boutique Fashion Elite',1,'2025-11-25 19:29:04','2025-11-25 20:46:58'),(28,19,3,'Cliente3','boutique-fashion-elite','cliente3@boutique-fashion-elite.com','$2a$10$Ux9tFcYwcCOd9iHWMud2t.TkzdE7TE0qDBPKZ/pJeoNJj2AU54ode','+58-412-1000003','Direcci??n 3, Boutique Fashion Elite',1,'2025-11-25 19:29:04','2025-11-25 20:46:58'),(29,19,3,'Cliente4','boutique-fashion-elite','cliente4@boutique-fashion-elite.com','$2a$10$Ux9tFcYwcCOd9iHWMud2t.TkzdE7TE0qDBPKZ/pJeoNJj2AU54ode','+58-412-1000004','Direcci??n 4, Boutique Fashion Elite',1,'2025-11-25 19:29:04','2025-11-25 20:46:58'),(30,19,3,'Cliente5','boutique-fashion-elite','cliente5@boutique-fashion-elite.com','$2a$10$Ux9tFcYwcCOd9iHWMud2t.TkzdE7TE0qDBPKZ/pJeoNJj2AU54ode','+58-412-1000005','Direcci??n 5, Boutique Fashion Elite',1,'2025-11-25 19:29:04','2025-11-25 20:46:58'),(31,3,1,'Admin','comercial-xyz','admin@comercial-xyz.com','$2a$10$Mur/hdg.sp15qVo8eG6DGuX8tmJjpVjYthNG/Zu4ztoCl1/WQZ4cy',NULL,NULL,1,'2025-11-25 19:29:04','2025-11-25 20:46:58'),(32,3,2,'Empleado1','comercial-xyz','empleado1@comercial-xyz.com','$2a$10$Mur/hdg.sp15qVo8eG6DGuX8tmJjpVjYthNG/Zu4ztoCl1/WQZ4cy',NULL,NULL,1,'2025-11-25 19:29:04','2025-11-25 20:46:58'),(33,3,3,'Cliente1','comercial-xyz','cliente1@comercial-xyz.com','$2a$10$Ux9tFcYwcCOd9iHWMud2t.TkzdE7TE0qDBPKZ/pJeoNJj2AU54ode','+58-412-1000001','Direcci??n 1, Comercial XYZ',1,'2025-11-25 19:29:04','2025-11-25 20:46:58'),(34,3,3,'Cliente2','comercial-xyz','cliente2@comercial-xyz.com','$2a$10$Ux9tFcYwcCOd9iHWMud2t.TkzdE7TE0qDBPKZ/pJeoNJj2AU54ode','+58-412-1000002','Direcci??n 2, Comercial XYZ',1,'2025-11-25 19:29:04','2025-11-25 20:46:58'),(35,1,1,'Admin','demo','admin@demo.com','$2a$10$Mur/hdg.sp15qVo8eG6DGuX8tmJjpVjYthNG/Zu4ztoCl1/WQZ4cy',NULL,NULL,1,'2025-11-25 19:29:04','2025-11-25 20:46:58'),(36,1,2,'Empleado1','demo','empleado1@demo.com','$2a$10$Mur/hdg.sp15qVo8eG6DGuX8tmJjpVjYthNG/Zu4ztoCl1/WQZ4cy',NULL,NULL,1,'2025-11-25 19:29:04','2025-11-25 20:46:58'),(37,1,2,'Empleado2','demo','empleado2@demo.com','$2a$10$Mur/hdg.sp15qVo8eG6DGuX8tmJjpVjYthNG/Zu4ztoCl1/WQZ4cy',NULL,NULL,1,'2025-11-25 19:29:04','2025-11-25 20:46:58'),(38,1,2,'Empleado3','demo','empleado3@demo.com','$2a$10$Mur/hdg.sp15qVo8eG6DGuX8tmJjpVjYthNG/Zu4ztoCl1/WQZ4cy',NULL,NULL,1,'2025-11-25 19:29:04','2025-11-25 20:46:58'),(39,1,3,'Cliente1','demo','cliente1@demo.com','$2a$10$Ux9tFcYwcCOd9iHWMud2t.TkzdE7TE0qDBPKZ/pJeoNJj2AU54ode','+58-412-1000001','Direcci??n 1, Empresa Demo',1,'2025-11-25 19:29:04','2025-11-25 20:46:58'),(40,1,3,'Cliente2','demo','cliente2@demo.com','$2a$10$Ux9tFcYwcCOd9iHWMud2t.TkzdE7TE0qDBPKZ/pJeoNJj2AU54ode','+58-412-1000002','Direcci??n 2, Empresa Demo',1,'2025-11-25 19:29:04','2025-11-25 20:46:58'),(41,1,3,'Cliente3','demo','cliente3@demo.com','$2a$10$Ux9tFcYwcCOd9iHWMud2t.TkzdE7TE0qDBPKZ/pJeoNJj2AU54ode','+58-412-1000003','Direcci??n 3, Empresa Demo',1,'2025-11-25 19:29:04','2025-11-25 20:46:58'),(42,1,3,'Cliente4','demo','cliente4@demo.com','$2a$10$Ux9tFcYwcCOd9iHWMud2t.TkzdE7TE0qDBPKZ/pJeoNJj2AU54ode','+58-412-1000004','Direcci??n 4, Empresa Demo',1,'2025-11-25 19:29:04','2025-11-25 20:46:58'),(43,1,3,'Cliente5','demo','cliente5@demo.com','$2a$10$Ux9tFcYwcCOd9iHWMud2t.TkzdE7TE0qDBPKZ/pJeoNJj2AU54ode','+58-412-1000005','Direcci??n 5, Empresa Demo',1,'2025-11-25 19:29:04','2025-11-25 20:46:58'),(44,20,1,'Admin','electrotech-premium','admin@electrotech-premium.com','$2a$10$Mur/hdg.sp15qVo8eG6DGuX8tmJjpVjYthNG/Zu4ztoCl1/WQZ4cy',NULL,NULL,1,'2025-11-25 19:29:04','2025-11-25 20:46:58'),(45,20,2,'Empleado1','electrotech-premium','empleado1@electrotech-premium.com','$2a$10$Mur/hdg.sp15qVo8eG6DGuX8tmJjpVjYthNG/Zu4ztoCl1/WQZ4cy',NULL,NULL,1,'2025-11-25 19:29:04','2025-11-25 20:46:58'),(46,20,2,'Empleado2','electrotech-premium','empleado2@electrotech-premium.com','$2a$10$Mur/hdg.sp15qVo8eG6DGuX8tmJjpVjYthNG/Zu4ztoCl1/WQZ4cy',NULL,NULL,1,'2025-11-25 19:29:04','2025-11-25 20:46:58'),(47,20,2,'Empleado3','electrotech-premium','empleado3@electrotech-premium.com','$2a$10$Mur/hdg.sp15qVo8eG6DGuX8tmJjpVjYthNG/Zu4ztoCl1/WQZ4cy',NULL,NULL,1,'2025-11-25 19:29:04','2025-11-25 20:46:58'),(48,20,2,'Empleado4','electrotech-premium','empleado4@electrotech-premium.com','$2a$10$Mur/hdg.sp15qVo8eG6DGuX8tmJjpVjYthNG/Zu4ztoCl1/WQZ4cy',NULL,NULL,1,'2025-11-25 19:29:04','2025-11-25 20:46:58'),(49,20,2,'Empleado5','electrotech-premium','empleado5@electrotech-premium.com','$2a$10$Mur/hdg.sp15qVo8eG6DGuX8tmJjpVjYthNG/Zu4ztoCl1/WQZ4cy',NULL,NULL,1,'2025-11-25 19:29:04','2025-11-25 20:46:58'),(50,20,3,'Cliente1','electrotech-premium','cliente1@electrotech-premium.com','$2a$10$Ux9tFcYwcCOd9iHWMud2t.TkzdE7TE0qDBPKZ/pJeoNJj2AU54ode','+58-412-1000001','Direcci??n 1, ElectroTech Premium Store',1,'2025-11-25 19:29:04','2025-11-25 20:46:58'),(51,20,3,'Cliente2','electrotech-premium','cliente2@electrotech-premium.com','$2a$10$Ux9tFcYwcCOd9iHWMud2t.TkzdE7TE0qDBPKZ/pJeoNJj2AU54ode','+58-412-1000002','Direcci??n 2, ElectroTech Premium Store',1,'2025-11-25 19:29:04','2025-11-25 20:46:58'),(52,20,3,'Cliente3','electrotech-premium','cliente3@electrotech-premium.com','$2a$10$Ux9tFcYwcCOd9iHWMud2t.TkzdE7TE0qDBPKZ/pJeoNJj2AU54ode','+58-412-1000003','Direcci??n 3, ElectroTech Premium Store',1,'2025-11-25 19:29:04','2025-11-25 20:46:58'),(53,20,3,'Cliente4','electrotech-premium','cliente4@electrotech-premium.com','$2a$10$Ux9tFcYwcCOd9iHWMud2t.TkzdE7TE0qDBPKZ/pJeoNJj2AU54ode','+58-412-1000004','Direcci??n 4, ElectroTech Premium Store',1,'2025-11-25 19:29:04','2025-11-25 20:46:58'),(54,20,3,'Cliente5','electrotech-premium','cliente5@electrotech-premium.com','$2a$10$Ux9tFcYwcCOd9iHWMud2t.TkzdE7TE0qDBPKZ/pJeoNJj2AU54ode','+58-412-1000005','Direcci??n 5, ElectroTech Premium Store',1,'2025-11-25 19:29:04','2025-11-26 03:22:25'),(55,20,3,'Cliente6','electrotech-premium','cliente6@electrotech-premium.com','$2a$10$Ux9tFcYwcCOd9iHWMud2t.TkzdE7TE0qDBPKZ/pJeoNJj2AU54ode','+58-412-1000006','Direcci??n 6, ElectroTech Premium Store',1,'2025-11-25 19:29:04','2025-11-25 20:46:58'),(56,20,3,'Cliente7','electrotech-premium','cliente7@electrotech-premium.com','$2a$10$Ux9tFcYwcCOd9iHWMud2t.TkzdE7TE0qDBPKZ/pJeoNJj2AU54ode','+58-412-1000007','Direcci??n 7, ElectroTech Premium Store',1,'2025-11-25 19:29:04','2025-11-25 20:46:58'),(57,20,3,'Cliente8','electrotech-premium','cliente8@electrotech-premium.com','$2a$10$Ux9tFcYwcCOd9iHWMud2t.TkzdE7TE0qDBPKZ/pJeoNJj2AU54ode','+58-412-1000008','Direcci??n 8, ElectroTech Premium Store',1,'2025-11-25 19:29:04','2025-11-25 20:46:58'),(58,20,3,'Cliente9','electrotech-premium','cliente9@electrotech-premium.com','$2a$10$Ux9tFcYwcCOd9iHWMud2t.TkzdE7TE0qDBPKZ/pJeoNJj2AU54ode','+58-412-1000009','Direcci??n 9, ElectroTech Premium Store',1,'2025-11-25 19:29:04','2025-11-25 20:46:58'),(60,4,1,'Admin','megatienda-2000','admin@megatienda-2000.com','$2a$10$Mur/hdg.sp15qVo8eG6DGuX8tmJjpVjYthNG/Zu4ztoCl1/WQZ4cy',NULL,NULL,1,'2025-11-25 19:29:04','2025-11-25 20:46:58'),(61,4,2,'Empleado1','megatienda-2000','empleado1@megatienda-2000.com','$2a$10$Mur/hdg.sp15qVo8eG6DGuX8tmJjpVjYthNG/Zu4ztoCl1/WQZ4cy',NULL,NULL,1,'2025-11-25 19:29:04','2025-11-25 20:46:58'),(62,4,2,'Empleado2','megatienda-2000','empleado2@megatienda-2000.com','$2a$10$Mur/hdg.sp15qVo8eG6DGuX8tmJjpVjYthNG/Zu4ztoCl1/WQZ4cy',NULL,NULL,1,'2025-11-25 19:29:04','2025-11-25 20:46:58'),(63,4,2,'Empleado3','megatienda-2000','empleado3@megatienda-2000.com','$2a$10$Mur/hdg.sp15qVo8eG6DGuX8tmJjpVjYthNG/Zu4ztoCl1/WQZ4cy',NULL,NULL,1,'2025-11-25 19:29:04','2025-11-25 20:46:58'),(64,4,2,'Empleado4','megatienda-2000','empleado4@megatienda-2000.com','$2a$10$Mur/hdg.sp15qVo8eG6DGuX8tmJjpVjYthNG/Zu4ztoCl1/WQZ4cy',NULL,NULL,1,'2025-11-25 19:29:04','2025-11-25 20:46:58'),(65,4,2,'Empleado5','megatienda-2000','empleado5@megatienda-2000.com','$2a$10$Mur/hdg.sp15qVo8eG6DGuX8tmJjpVjYthNG/Zu4ztoCl1/WQZ4cy',NULL,NULL,1,'2025-11-25 19:29:04','2025-11-25 20:46:58'),(66,4,3,'Cliente1','megatienda-2000','cliente1@megatienda-2000.com','$2a$10$Ux9tFcYwcCOd9iHWMud2t.TkzdE7TE0qDBPKZ/pJeoNJj2AU54ode','+58-412-1000001','Direcci??n 1, Megatienda 2000',1,'2025-11-25 19:29:04','2025-11-25 20:46:58'),(67,4,3,'Cliente2','megatienda-2000','cliente2@megatienda-2000.com','$2a$10$Ux9tFcYwcCOd9iHWMud2t.TkzdE7TE0qDBPKZ/pJeoNJj2AU54ode','+58-412-1000002','Direcci??n 2, Megatienda 2000',1,'2025-11-25 19:29:04','2025-11-25 20:46:58'),(68,4,3,'Cliente3','megatienda-2000','cliente3@megatienda-2000.com','$2a$10$Ux9tFcYwcCOd9iHWMud2t.TkzdE7TE0qDBPKZ/pJeoNJj2AU54ode','+58-412-1000003','Direcci??n 3, Megatienda 2000',1,'2025-11-25 19:29:04','2025-11-25 20:46:58'),(69,4,3,'Cliente4','megatienda-2000','cliente4@megatienda-2000.com','$2a$10$Ux9tFcYwcCOd9iHWMud2t.TkzdE7TE0qDBPKZ/pJeoNJj2AU54ode','+58-412-1000004','Direcci??n 4, Megatienda 2000',1,'2025-11-25 19:29:04','2025-11-25 20:46:58'),(70,4,3,'Cliente5','megatienda-2000','cliente5@megatienda-2000.com','$2a$10$Ux9tFcYwcCOd9iHWMud2t.TkzdE7TE0qDBPKZ/pJeoNJj2AU54ode','+58-412-1000005','Direcci??n 5, Megatienda 2000',1,'2025-11-25 19:29:04','2025-11-25 20:46:58'),(71,4,3,'Cliente6','megatienda-2000','cliente6@megatienda-2000.com','$2a$10$Ux9tFcYwcCOd9iHWMud2t.TkzdE7TE0qDBPKZ/pJeoNJj2AU54ode','+58-412-1000006','Direcci??n 6, Megatienda 2000',1,'2025-11-25 19:29:04','2025-11-25 20:46:58'),(72,4,3,'Cliente7','megatienda-2000','cliente7@megatienda-2000.com','$2a$10$Ux9tFcYwcCOd9iHWMud2t.TkzdE7TE0qDBPKZ/pJeoNJj2AU54ode','+58-412-1000007','Direcci??n 7, Megatienda 2000',1,'2025-11-25 19:29:04','2025-11-25 20:46:58'),(73,4,3,'Cliente8','megatienda-2000','cliente8@megatienda-2000.com','$2a$10$Ux9tFcYwcCOd9iHWMud2t.TkzdE7TE0qDBPKZ/pJeoNJj2AU54ode','+58-412-1000008','Direcci??n 8, Megatienda 2000',1,'2025-11-25 19:29:04','2025-11-25 20:46:58'),(74,4,3,'Cliente9','megatienda-2000','cliente9@megatienda-2000.com','$2a$10$Ux9tFcYwcCOd9iHWMud2t.TkzdE7TE0qDBPKZ/pJeoNJj2AU54ode','+58-412-1000009','Direcci??n 9, Megatienda 2000',1,'2025-11-25 19:29:04','2025-11-25 20:46:58'),(75,4,3,'Cliente10','megatienda-2000','cliente10@megatienda-2000.com','$2a$10$Ux9tFcYwcCOd9iHWMud2t.TkzdE7TE0qDBPKZ/pJeoNJj2AU54ode','+58-412-1000010','Direcci??n 10, Megatienda 2000',1,'2025-11-25 19:29:04','2025-11-25 20:46:58'),(76,18,1,'Admin','pasteleria-dulce-sabor','admin@pasteleria-dulce-sabor.com','$2a$10$Mur/hdg.sp15qVo8eG6DGuX8tmJjpVjYthNG/Zu4ztoCl1/WQZ4cy',NULL,NULL,1,'2025-11-25 19:29:05','2025-11-25 20:46:58'),(77,18,2,'Empleado1','pasteleria-dulce-sabor','empleado1@pasteleria-dulce-sabor.com','$2a$10$Mur/hdg.sp15qVo8eG6DGuX8tmJjpVjYthNG/Zu4ztoCl1/WQZ4cy',NULL,NULL,1,'2025-11-25 19:29:05','2025-11-25 20:46:58'),(78,18,3,'Cliente1','pasteleria-dulce-sabor','cliente1@pasteleria-dulce-sabor.com','$2a$10$Ux9tFcYwcCOd9iHWMud2t.TkzdE7TE0qDBPKZ/pJeoNJj2AU54ode','+58-412-1000001','Direcci??n 1, Pasteler??a Dulce Sabor',1,'2025-11-25 19:29:05','2025-11-25 20:46:58'),(79,18,3,'Cliente2','pasteleria-dulce-sabor','cliente2@pasteleria-dulce-sabor.com','$2a$10$Ux9tFcYwcCOd9iHWMud2t.TkzdE7TE0qDBPKZ/pJeoNJj2AU54ode','+58-412-1000002','Direcci??n 2, Pasteler??a Dulce Sabor',1,'2025-11-25 19:29:05','2025-11-25 20:46:58'),(80,2,1,'Admin','tienda-abc','admin@tienda-abc.com','$2a$10$Mur/hdg.sp15qVo8eG6DGuX8tmJjpVjYthNG/Zu4ztoCl1/WQZ4cy',NULL,NULL,1,'2025-11-25 19:29:05','2025-11-25 20:46:58'),(81,2,2,'Empleado1','tienda-abc','empleado1@tienda-abc.com','$2a$10$Mur/hdg.sp15qVo8eG6DGuX8tmJjpVjYthNG/Zu4ztoCl1/WQZ4cy',NULL,NULL,1,'2025-11-25 19:29:05','2025-11-25 20:46:58'),(82,2,2,'Empleado2','tienda-abc','empleado2@tienda-abc.com','$2a$10$Mur/hdg.sp15qVo8eG6DGuX8tmJjpVjYthNG/Zu4ztoCl1/WQZ4cy',NULL,NULL,1,'2025-11-25 19:29:05','2025-11-25 20:46:58'),(83,2,2,'Empleado3','tienda-abc','empleado3@tienda-abc.com','$2a$10$Mur/hdg.sp15qVo8eG6DGuX8tmJjpVjYthNG/Zu4ztoCl1/WQZ4cy',NULL,NULL,1,'2025-11-25 19:29:05','2025-11-25 20:46:58'),(84,2,3,'Cliente1','tienda-abc','cliente1@tienda-abc.com','$2a$10$Ux9tFcYwcCOd9iHWMud2t.TkzdE7TE0qDBPKZ/pJeoNJj2AU54ode','+58-412-1000001','Direcci??n 1, Tienda ABC',1,'2025-11-25 19:29:05','2025-11-25 20:46:58'),(85,2,3,'Cliente2','tienda-abc','cliente2@tienda-abc.com','$2a$10$Ux9tFcYwcCOd9iHWMud2t.TkzdE7TE0qDBPKZ/pJeoNJj2AU54ode','+58-412-1000002','Direcci??n 2, Tienda ABC',1,'2025-11-25 19:29:05','2025-11-25 20:46:58'),(86,2,3,'Cliente3','tienda-abc','cliente3@tienda-abc.com','$2a$10$Ux9tFcYwcCOd9iHWMud2t.TkzdE7TE0qDBPKZ/pJeoNJj2AU54ode','+58-412-1000003','Direcci??n 3, Tienda ABC',1,'2025-11-25 19:29:05','2025-11-25 20:46:58'),(87,2,3,'Cliente4','tienda-abc','cliente4@tienda-abc.com','$2a$10$Ux9tFcYwcCOd9iHWMud2t.TkzdE7TE0qDBPKZ/pJeoNJj2AU54ode','+58-412-1000004','Direcci??n 4, Tienda ABC',1,'2025-11-25 19:29:05','2025-11-25 20:46:58'),(88,2,3,'Cliente5','tienda-abc','cliente5@tienda-abc.com','$2a$10$Ux9tFcYwcCOd9iHWMud2t.TkzdE7TE0qDBPKZ/pJeoNJj2AU54ode','+58-412-1000005','Direcci??n 5, Tienda ABC',1,'2025-11-25 19:29:05','2025-11-25 20:46:58'),(89,18,3,'Cliente','Prueba','cliente-prueba-1764095262998@test.com','$2a$10$GhBPqC6egua4iNW73NN7ZuU9YnZiHef4Wy5Zpp2PO6EmkeLFgySAy','+56912345678',NULL,1,'2025-11-25 21:27:43','2025-11-25 21:27:43'),(90,18,2,'Empleado','Prueba','empleado-prueba-1764095263081@test.com','$2a$10$qqrFMtUgBRaOSPkWPEltXOBc42bcfrYgjuWrZrU8Hqq2xQZPAuLEm','+56912345679',NULL,1,'2025-11-25 21:27:43','2025-11-25 21:27:43'),(91,18,3,'Cliente','Prueba','cliente-prueba-1764095533582@test.com','$2a$10$64fShYZRPYKucjxzpxo86eTDNjUUiLHYBVFztaAFbI9WmH/zbTWr2','+56912345678',NULL,1,'2025-11-25 21:32:13','2025-11-25 21:32:13'),(92,18,2,'Empleado','Prueba','empleado-prueba-1764095533656@test.com','$2a$10$GtDxxR0n5htXP7n0GsiZr.vUoOe78.vEtvYjBIVI5lkR0S9CxHo6e','+56912345679',NULL,1,'2025-11-25 21:32:13','2025-11-25 21:32:13'),(93,18,3,'Cliente','Prueba','cliente-prueba-1764095629142@test.com','$2a$10$MK6s1ZWIg0QN7gL8infKqubdoZsodxXMczvkiad4Gs/ueAM5MBBeq','+56912345678',NULL,1,'2025-11-25 21:33:49','2025-11-25 21:33:49'),(94,18,2,'Empleado','Prueba','empleado-prueba-1764095629221@test.com','$2a$10$uyJm4F7fK0XF79pUst.Q9uOpHNCMPXQwDfKJEjqZN77dQKPXnq2eG','+56912345679',NULL,1,'2025-11-25 21:33:49','2025-11-25 21:33:49'),(95,1,1,'Admin','Test','admin_test_1764129449344@test.com','$2a$10$tZGi1fw5wzLAzXR9OU8EFucGb8ML/kX1S5NbdB8sWJnLre/9cUZbq',NULL,NULL,1,'2025-11-26 06:57:29','2025-11-26 06:57:29'),(96,1,1,'Admin','Test','admin_test_1764129480698@test.com','$2a$10$xqhoo2VkVOkO0/IBRgK1BuBRugDaqHyXJj5Hp/Nh0O81aqcYb4BRm',NULL,NULL,1,'2025-11-26 06:58:00','2025-11-26 06:58:00'),(97,1,1,'Admin','Test','admin_test_1764129551500@test.com','$2a$10$Zqi12vuAtQ5L7cpVlbnQFeMN81o4ygDF/6UPIXO0YexbV/vmiwM3m',NULL,NULL,1,'2025-11-26 06:59:11','2025-11-26 06:59:11'),(106,18,3,'Test','','client_1764130454379@example.com','$2a$10$1.5VzXYPh.QFnWvvUTfF2eZNx5/t3o/AvV7ssw.faYST3R2Xrg0zu',NULL,NULL,1,'2025-11-26 07:14:14','2025-11-26 07:14:14'),(111,18,3,'Test','','client_1764130667111@example.com','$2a$10$xuZarQkDQVLP/yvGJ.ZBBuZbpIYbdOqEzcEYINeoLP0fDLkgQ9qnu',NULL,NULL,1,'2025-11-26 07:17:47','2025-11-26 07:17:47'),(113,18,3,'Test','','client_1764131174570@example.com','$2a$10$QVLxxlR66BofZTduK2UE8.2ykoaNXHR4c/o2xwWyKUaz4k.0K0ZPm',NULL,NULL,1,'2025-11-26 07:26:14','2025-11-26 07:26:14'),(114,18,3,'Cypress User','','cypress_1764132329903@test.com','$2a$10$GIVHCB3zu4R2tCColeUoH.bJONgsMBZ6SciLfMf6OsTNr6Wa.ZrF.',NULL,NULL,1,'2025-11-26 07:45:33','2025-11-26 07:45:33'),(115,18,3,'Cypress User','','cypress_1764132430683@test.com','$2a$10$sDhDCeu9OBeCdsZZRDaV7uBAYklStdF9xyNyZLOqYUhsIA44O0owm',NULL,NULL,1,'2025-11-26 07:47:13','2025-11-26 07:47:13'),(116,18,3,'Cypress User','','cypress_1764132445538@test.com','$2a$10$Cc8yZPbiIMQpfWn3EBr5D.IRXY7P76Qor.2TQ4SQJgJdYuFhxLz6e',NULL,NULL,1,'2025-11-26 07:47:28','2025-11-26 07:47:28'),(117,18,3,'Cypress User','','cypress_1764132508606@test.com','$2a$10$ybmknXPWlGvckraYJNdlyuhWRUqrX6TuMfVFWbqaeyNuJ0jAAlTeq',NULL,NULL,1,'2025-11-26 07:48:31','2025-11-26 07:48:31'),(118,18,3,'Cypress User','','cypress_1764132532467@test.com','$2a$10$Yx1kxs6N3n4BprYgxmUsO.hwUIpSyiDQV.j010VFnRVr6I6Oq301S',NULL,NULL,1,'2025-11-26 07:48:55','2025-11-26 07:48:55'),(119,18,3,'Cypress User','','cypress_1764132575753@test.com','$2a$10$JzmDTw0JDYXwNhovJzPGjOtrfFxHWMqqxTR4zjwBiGqJGGnDuZDFa',NULL,NULL,1,'2025-11-26 07:49:39','2025-11-26 07:49:39'),(120,18,3,'Cypress User','','cypress_1764132632681@test.com','$2a$10$oMdBZGwijbvU5IUMAlolMuK7VPR2qJjU.1.njBqlttQG1KsMsarl2',NULL,NULL,1,'2025-11-26 07:50:36','2025-11-26 07:50:36'),(121,18,3,'Cypress User','','cypress_1764132690027@test.com','$2a$10$hM7Wt2bavuTHHj.9MO0R.upxgP5FdQippJpuAmjPJ81WFJPYGDDLK',NULL,NULL,1,'2025-11-26 07:51:34','2025-11-26 07:51:34'),(122,18,3,'Cypress User','','cypress_1764132755325@test.com','$2a$10$KyPwjV4anZ275fBg/lQoy.pkRjG/kH3X9Op6hJ9X53VBPILEdYre.',NULL,NULL,1,'2025-11-26 07:52:38','2025-11-26 07:52:38'),(123,18,3,'Cypress User','','cypress_1764132793593@test.com','$2a$10$ymySo20AVzOGkGJyPM6NMO50GgUefbx8V4znXmd9qpQSpL5agyqCO',NULL,NULL,1,'2025-11-26 07:53:16','2025-11-26 07:53:16'),(124,18,3,'Cypress User','','cypress_1764132849868@test.com','$2a$10$kdCzhV5LLqM.gb17l07St.Kg0JCw.LJNaXS9vVLg06BCK/4sd49Sa',NULL,NULL,1,'2025-11-26 07:54:13','2025-11-26 07:54:13'),(125,18,3,'Cypress User','','cypress_1764132989679@test.com','$2a$10$kVfGYqCw4/6IGYVOAGYW8OT5KFD.si5OXWIc76cZTglm.wktr7MuG',NULL,NULL,1,'2025-11-26 07:56:33','2025-11-26 07:56:33'),(126,18,3,'Cypress User','','cypress_1764133090395@test.com','$2a$10$Dn00CFkGAJpEzFRx2OiEUO6CwQonWnEIth4zC9OX33NrnbgONCkFq',NULL,NULL,1,'2025-11-26 07:58:13','2025-11-26 07:58:13'),(127,18,3,'Cypress User','','cypress_1764133126670@test.com','$2a$10$hrURJaZPMhkbFsHNyGMDE.LBkqBWyFZsOxzT92OU/zDu3TCX//nrq',NULL,NULL,1,'2025-11-26 07:58:49','2025-11-26 07:58:49'),(128,18,3,'Cypress User','','cypress_1764133604337@test.com','$2a$10$P8nvPeYsZa2opm5NATYwz.F4qa0VLWjMzAYVHIbNkY5lavesqOp7S',NULL,NULL,1,'2025-11-26 08:06:47','2025-11-26 08:06:47'),(129,18,3,'Cypress User','','cypress_1764133666438@test.com','$2a$10$MlZjTgRJ3SBgZJOA5itYHe4AEk1/7uEeJV.QvGx8xF5.N9./94vrS',NULL,NULL,1,'2025-11-26 08:07:49','2025-11-26 08:07:49'),(130,18,3,'Cypress User','','cypress_1764134076592@test.com','$2a$10$OKPokcAjRxKTTuTRCyHzSOEWaBJ9ySx6PLlNhy08ew0EbeCt8vdVu',NULL,NULL,1,'2025-11-26 08:14:39','2025-11-26 08:14:39'),(131,18,3,'Cypress User','','cypress_1764134272492@test.com','$2a$10$2M7ot6otUJZuDOZnX83k2.MQ9Y3QbRtF2QLHZj0L8HklTwj1uuzXy',NULL,NULL,1,'2025-11-26 08:17:55','2025-11-26 08:17:55'),(133,18,3,'Test','','client_1764136345334@example.com','$2a$10$IjJT2b7akk53.iF4euItp.pXFIkXJvLtooZFhTCsyk91AWwpP221e',NULL,NULL,1,'2025-11-26 08:52:25','2025-11-26 08:52:25'),(144,18,3,'Cypress User','','cypress_1764137321413@test.com','$2a$10$uQsvp3f/x8t7ucIcA1HIkubV3tlerPf2ZSOrGJUjCbBOfThAy/qGq',NULL,NULL,1,'2025-11-26 09:08:44','2025-11-26 09:08:44'),(150,18,3,'Cypress User','','cypress_1764137601020@test.com','$2a$10$j6ehLvQs9GHaixecwwqr4ewLIppAV2TyqDI.as7tuHR2tiKAOHscG',NULL,NULL,1,'2025-11-26 09:13:23','2025-11-26 09:13:23'),(172,18,3,'Cypress User','','cypress_1764138324007@test.com','$2a$10$tYLhil32.v19Esn8MLt9eenISfJ/CQtmYHsKYuyP9.InAXvtvZKsy',NULL,NULL,1,'2025-11-26 09:25:27','2025-11-26 09:25:27'),(173,18,3,'Cypress User','','cypress_1764138378058@test.com','$2a$10$EkV1XCfaJIvIXaAIKVAENeXJu.x6uRYHoQmIFZM1QI0.RDEEc5Kye',NULL,NULL,1,'2025-11-26 09:26:21','2025-11-26 09:26:21'),(174,18,3,'Cypress User','','cypress_1764138572051@test.com','$2a$10$Ihh85bdnUAGVOXtvWVWgr.cAXMvUI93tskvHK6MdkvDmHTGG85Cfm',NULL,NULL,1,'2025-11-26 09:29:35','2025-11-26 09:29:35'),(185,18,3,'Cypress User','','cypress_1764138796110@test.com','$2a$10$.n6ge6bJOR6C3WfHTAwG3u.8fLw2L51bhi7bXwH/.zNyqK8RJCy6y',NULL,NULL,1,'2025-11-26 09:33:19','2025-11-26 09:33:19'),(191,18,3,'Cypress User','','cypress_1764173402668@test.com','$2a$10$4xLtpewJWFKiyQQJbhhvcuFYDBFeBQpnFUkMogE4B8lATgMRvgZGG',NULL,NULL,1,'2025-11-26 19:10:49','2025-11-26 19:10:49'),(192,18,3,'Cypress User','','cypress_1764173475624@test.com','$2a$10$jdZg5gy94pgjmBnEqeUgW.iIO6iTPIt5K7lnEMZpgzbw1WmeBHfB6',NULL,NULL,1,'2025-11-26 19:11:19','2025-11-26 19:11:19'),(208,18,3,'Cypress User','','cypress_1764810853830@test.com','$2a$10$unwWiFV21jEh1jHDriM5lu/Z3b2gQ8zEBmQzB2Lu66QUQSgbdV2Bm',NULL,NULL,1,'2025-12-04 04:14:17','2025-12-04 04:14:17'),(209,18,3,'Cypress User','','cypress_1764811048642@test.com','$2a$10$B4kVI/lo2UZQQ3PQZ5O0WuShWzhvglb0bHM4heF2Xm1FPpP2G1eFm',NULL,NULL,1,'2025-12-04 04:17:31','2025-12-04 04:17:31');
/*!40000 ALTER TABLE `usuarios` ENABLE KEYS */;
UNLOCK TABLES;

--
-- Temporary view structure for view `vista_pedidos_completos`
--

DROP TABLE IF EXISTS `vista_pedidos_completos`;
